name,datetime,tempmax,tempmin,temp,feelslikemax,feelslikemin,feelslike,dew,humidity,precip,precipprob,precipcover,preciptype,snow,snowdepth,windgust,windspeed,winddir,sealevelpressure,cloudcover,visibility,solarradiation,solarenergy,uvindex,severerisk,sunrise,sunset,moonphase,conditions,description,icon,stations
New York,2018-06-01,26.7,17.9,21.6,26.7,17.9,21.6,19.2,86.8,0.282,100,16.67,rain,0,0,83.5,12.6,36.9,1009.6,65.9,11.3,194.0,16.5,9,,2018-06-01T05:27:08,2018-06-01T20:21:01,0.6,"Rain, Partially cloudy",Partly cloudy throughout the day with rain in the morning and afternoon.,rain,"72505394728,72055399999,KLGA,KJRB,KNYC,F1417,72503014732"
New York,2018-06-02,30.6,20.7,25.1,32.9,20.7,25.9,19.8,74.0,0.346,100,8.33,rain,0,0,55.0,22.3,31.0,1007.6,35.4,15.8,240.4,20.8,9,,2018-06-02T05:26:43,2018-06-02T20:21:44,0.63,"Rain, Partially cloudy",Partly cloudy throughout the day with rain.,rain,"72505394728,72055399999,KLGA,KJRB,KNYC,F1417,72503014732"
New York,2018-06-03,21.7,12.8,17.0,21.7,12.8,17.0,12.5,75.0,2.929,100,12.5,rain,0,0,35.3,24.1,96.3,1015.8,92.7,15.6,102.2,8.9,3,,2018-06-03T05:26:20,2018-06-03T20:22:26,0.67,"Rain, Overcast",Cloudy skies throughout the day with rain.,rain,"72505394728,72055399999,KLGA,KJRB,KNYC,F1417,72503014732"
New York,2018-06-04,23.7,11.7,16.8,23.7,11.7,16.8,12.4,76.6,3.919780487804878,100,41.67,rain,0,0,29.5,16.7,48.8,1009.2,71.6,15.4,226.0,19.4,8,,2018-06-04T05:25:59,2018-06-04T20:23:06,0.7,"Rain, Partially cloudy",Partly cloudy throughout the day with rain clearing later.,rain,"72505394728,72055399999,KLGA,KJRB,KNYC,F1417,72503014732"
New York,2018-06-05,24.2,16.1,19.8,24.2,16.1,19.8,11.7,60.7,0.0,0,0.0,,0,0,37.1,25.9,283.1,1005.6,35.7,16.0,199.7,17.3,9,,2018-06-05T05:25:40,2018-06-05T20:23:45,0.73,Partially cloudy,Partly cloudy throughout the day.,partly-cloudy-day,"72505394728,72055399999,KLGA,KJRB,KNYC,F1417"
New York,2018-06-06,21.7,16.1,18.1,21.7,16.1,18.1,10.9,63.7,0.0,0,0.0,,0,0,,11.3,73.7,1011.2,89.1,15.9,184.2,16.0,8,,2018-06-06T05:25:23,2018-06-06T20:24:23,0.75,Partially cloudy,Partly cloudy throughout the day.,partly-cloudy-day,"72505394728,72055399999,KLGA,KJRB,KNYC,F1417,72503014732"
New York,2018-06-07,21.7,16.1,18.0,21.7,16.1,18.0,12.6,71.5,0.0,0,0.0,,0,0,37.1,25.9,159.3,1019.7,65.7,15.9,247.1,21.3,9,,2018-06-07T05:25:08,2018-06-07T20:24:59,0.8,Partially cloudy,Partly cloudy throughout the day.,partly-cloudy-day,"72505394728,72055399999,KLGA,KJRB,KNYC,F1417,72503014732"
New York,2018-06-08,27.2,16.2,21.8,27.7,16.2,21.9,15.4,69.1,0.0,0,0.0,,0,0,33.5,16.2,200.6,1020.7,26.3,16.0,243.2,21.0,9,,2018-06-08T05:24:55,2018-06-08T20:25:34,0.83,Partially cloudy,Becoming cloudy in the afternoon.,partly-cloudy-day,"72505394728,72055399999,KLGA,KJRB,KNYC,F1417,72503014732"
New York,2018-06-09,28.7,20.6,23.5,28.0,20.6,23.4,14.7,59.4,0.0,0,0.0,,0,0,,10.6,15.2,1019.3,9.5,16.0,273.6,23.5,9,,2018-06-09T05:24:44,2018-06-09T20:26:08,0.86,Clear,Clear conditions throughout the day.,clear-day,"72505394728,72055399999,KLGA,KJRB,KNYC,F1417,72503014732"
New York,2018-06-10,22.2,16.7,20.2,22.2,16.7,20.2,11.3,57.3,0.0,0,0.0,,0,0,,10.1,28.9,1017.8,90.3,16.0,79.2,6.8,2,,2018-06-10T05:24:35,2018-06-10T20:26:39,0.9,Overcast,Cloudy skies throughout the day.,cloudy,"72505394728,72055399999,C9476,KLGA,KJRB,KNYC,F1417,72503014732"
New York,2018-06-11,22.8,14.4,17.9,22.8,14.4,17.9,10.3,63.4,0.251,100,8.33,rain,0,0,,15.5,86.8,1018.3,30.3,16.0,262.9,22.7,9,,2018-06-11T05:24:28,2018-06-11T20:27:10,0.93,"Rain, Partially cloudy",Clearing in the afternoon with rain clearing later.,rain,"72505394728,72055399999,KLGA,KJRB,KNYC,F1417,72503014732"
New York,2018-06-12,22.9,14.7,18.6,22.9,14.7,18.6,10.8,61.5,0.0,0,0.0,,0,0,44.6,27.7,182.9,1022.8,0.6,16.0,327.1,28.3,9,,2018-06-12T05:24:23,2018-06-12T20:27:38,0.96,Clear,Clear conditions throughout the day.,clear-day,"72505394728,72055399999,KLGA,KJRB,KNYC,F1417,72503014732"
New York,2018-06-13,24.4,17.8,20.9,24.4,17.8,20.9,17.2,79.5,0.056,100,8.33,rain,0,0,35.3,14.8,210.0,1013.7,78.4,15.9,102.6,8.9,3,,2018-06-13T05:24:20,2018-06-13T20:28:05,0.0,"Rain, Partially cloudy",Partly cloudy throughout the day with afternoon rain.,rain,"72505394728,72055399999,KLGA,KJRB,KNYC,F1417"
New York,2018-06-14,30.5,19.4,24.8,29.1,19.4,24.5,12.7,50.7,0.0,0,0.0,,0,0,48.2,29.5,289.1,1008.7,16.2,16.0,325.8,28.1,9,,2018-06-14T05:24:18,2018-06-14T20:28:31,0.03,Clear,Clear conditions throughout the day.,clear-day,"72505394728,72055399999,KLGA,KJRB,KNYC,F1417"
New York,2018-06-15,24.9,18.3,21.6,24.9,18.3,21.6,11.6,53.1,0.0,0,0.0,,0,0,38.9,14.3,346.1,1013.8,42.8,15.9,242.8,20.9,10,,2018-06-15T05:24:19,2018-06-15T20:28:55,0.06,Partially cloudy,Partly cloudy throughout the day.,partly-cloudy-day,"72505394728,72055399999,KLGA,KJRB,KNYC,F1417"
New York,2018-06-16,29.3,17.9,23.4,28.4,17.9,23.2,12.2,52.2,0.0,0,0.0,,0,0,,10.3,305.9,1016.8,0.4,16.0,327.5,28.3,10,,2018-06-16T05:24:22,2018-06-16T20:29:17,0.1,Clear,Clear conditions throughout the day.,clear-day,"72505394728,72055399999,KLGA,KJRB,KNYC,F1417"
New York,2018-06-17,31.7,19.4,25.1,30.7,19.4,24.9,13.8,51.5,0.0,0,0.0,,0,0,35.3,11.6,214.4,1018.2,0.7,16.0,315.0,27.2,9,,2018-06-17T05:24:26,2018-06-17T20:29:37,0.13,Clear,Clear conditions throughout the day.,clear-day,"72505394728,72055399999,KLGA,KJRB,KNYC,F1417,72503014732"
New York,2018-06-18,32.2,21.8,26.3,35.7,21.8,27.6,20.1,70.2,2.128,100,12.5,rain,0,0,40.0,24.1,209.7,1015.0,20.5,15.4,273.5,23.6,9,,2018-06-18T05:24:33,2018-06-18T20:29:55,0.17,"Rain, Partially cloudy",Becoming cloudy in the afternoon with late afternoon rain.,rain,"72505394728,72055399999,KLGA,KJRB,KNYC,F1417,72503014732"
New York,2018-06-19,32.1,23.5,27.4,31.1,23.5,27.4,17.9,60.4,0.327,100,12.5,rain,0,0,40.7,22.3,335.5,1008.8,28.2,15.9,301.4,25.9,10,,2018-06-19T05:24:41,2018-06-19T20:30:12,0.2,"Rain, Partially cloudy",Clearing in the afternoon with rain.,rain,"72505394728,72055399999,KLGA,KJRB,KNYC,F1417,72503014732"
New York,2018-06-20,27.7,21.6,24.2,28.7,21.6,24.3,14.7,56.2,0.0,0,0.0,,0,0,29.5,8.8,57.9,1011.0,32.9,16.0,268.7,23.1,9,,2018-06-20T05:24:51,2018-06-20T20:30:26,0.25,Partially cloudy,Becoming cloudy in the afternoon.,partly-cloudy-day,"72505394728,72055399999,KLGA,KJRB,KNYC,F1417"
New York,2018-06-21,29.9,18.9,24.0,29.2,18.9,23.9,17.0,69.1,5.532,100,45.83,rain,0,0,,13.0,49.3,1008.4,55.2,15.0,284.3,24.6,9,,2018-06-21T05:25:03,2018-06-21T20:30:39,0.27,"Rain, Partially cloudy",Partly cloudy throughout the day with a chance of rain throughout the day.,rain,"72505394728,72055399999,KLGA,KJRB,KNYC,F1417,72503014732"
New York,2018-06-22,23.8,19.4,21.2,23.8,19.4,21.2,16.5,75.3,0.0,0,0.0,,0,0,27.7,14.9,85.1,1015.2,49.2,15.9,197.4,17.1,6,,2018-06-22T05:25:17,2018-06-22T20:30:50,0.31,Partially cloudy,Partly cloudy throughout the day.,partly-cloudy-day,"72505394728,72055399999,KLGA,KJRB,KNYC,F1417,72503014732"
New York,2018-06-23,19.9,17.8,18.8,19.9,17.8,18.8,15.1,79.4,0.602,100,12.5,rain,0,0,31.7,18.2,63.0,1011.9,100.0,15.9,76.8,6.4,2,,2018-06-23T05:25:33,2018-06-23T20:30:59,0.34,"Rain, Overcast",Cloudy skies throughout the day with early morning rain.,rain,"D9152,72505394728,72055399999,KLGA,KJRB,KNYC,F1417"
New York,2018-06-24,28.7,19.3,23.6,30.2,19.3,24.2,18.9,76.6,0.003,100,4.17,rain,0,0,38.9,10.5,212.4,1009.8,73.1,14.9,221.7,19.2,9,,2018-06-24T05:25:50,2018-06-24T20:31:06,0.38,"Rain, Partially cloudy",Partly cloudy throughout the day with late afternoon rain.,rain,"72505394728,72055399999,KLGA,KJRB,KNYC,F1417"
New York,2018-06-25,28.7,20.6,24.3,27.7,20.6,24.1,13.8,55.6,0.464,100,8.33,rain,0,0,44.6,18.2,350.1,1016.2,27.2,16.0,305.6,26.5,10,,2018-06-25T05:26:10,2018-06-25T20:31:12,0.41,"Rain, Partially cloudy",Partly cloudy throughout the day with morning rain.,rain,"72505394728,72055399999,KLGA,KJRB,KNYC,F1417,72503014732"
New York,2018-06-26,25.0,18.7,21.8,25.0,18.7,21.8,13.9,61.6,0.0,0,0.0,,0,0,37.1,24.1,112.7,1023.8,5.0,16.0,315.5,27.3,9,,2018-06-26T05:26:31,2018-06-26T20:31:15,0.45,Clear,Clear conditions throughout the day.,clear-day,"72505394728,72055399999,KLGA,KJRB,KNYC,F1417,72503014732"
New York,2018-06-27,23.3,18.9,21.1,23.3,18.9,21.1,16.4,74.7,0.031,100,8.33,rain,0,0,44.6,31.7,178.5,1018.4,75.0,15.9,84.9,7.3,3,,2018-06-27T05:26:53,2018-06-27T20:31:16,0.48,"Rain, Partially cloudy",Partly cloudy throughout the day with late afternoon rain.,rain,"72505394728,72055399999,KLGA,KJRB,KNYC,F1417"
New York,2018-06-28,28.8,21.1,24.0,31.5,21.1,24.6,21.3,85.3,5.642,100,45.83,rain,0,0,35.3,13.7,204.4,1009.6,75.4,15.2,185.0,16.0,7,,2018-06-28T05:27:17,2018-06-28T20:31:15,0.5,"Rain, Partially cloudy",Partly cloudy throughout the day with a chance of rain throughout the day.,rain,"72505394728,72055399999,KLGA,KJRB,KNYC,F1417,72503014732"
New York,2018-06-29,33.7,22.8,27.7,33.8,22.8,27.9,17.8,57.8,0.704,100,8.33,rain,0,0,31.7,18.4,318.6,1014.0,3.6,16.0,321.8,27.6,9,,2018-06-29T05:27:43,2018-06-29T20:31:12,0.55,Rain,Clear conditions throughout the day with afternoon rain.,rain,"72505394728,72055399999,KLGA,KJRB,KNYC,F1417,72503014732"
New York,2018-06-30,34.3,23.4,28.7,35.6,23.4,29.2,17.1,50.6,0.0,0,0.0,,0,0,29.5,12.0,269.6,1017.1,0.7,15.9,317.6,27.3,9,,2018-06-30T05:28:11,2018-06-30T20:31:08,0.58,Clear,Clear conditions throughout the day.,clear-day,"72505394728,72055399999,KLGA,KJRB,KNYC,F1417,72503014732"
New York,2018-07-01,35.6,24.0,29.8,39.9,24.0,31.9,20.9,60.4,0.0,0,0.0,,0,0,,12.6,243.9,1016.5,0.5,15.9,271.1,23.4,9,,2018-07-01T05:28:39,2018-07-01T20:31:01,0.62,Clear,Clear conditions throughout the day.,clear-day,"72505394728,72055399999,KLGA,KJRB,KNYC,F1417,72503014732"
New York,2018-07-02,34.4,25.7,29.2,38.4,25.7,31.3,21.4,63.9,0.262,100,4.17,rain,0,0,38.9,22.3,154.8,1017.8,0.4,15.7,310.8,26.8,9,,2018-07-02T05:29:10,2018-07-02T20:30:52,0.65,Rain,Clear conditions throughout the day with late afternoon rain.,rain,"72505394728,72055399999,KLGA,KJRB,KNYC,F1417,72503014732"
New York,2018-07-03,32.9,25.1,27.1,40.4,25.1,29.1,23.6,81.3,0.172,100,8.33,rain,0,0,,14.8,113.7,1021.4,12.9,15.0,162.5,14.1,8,,2018-07-03T05:29:42,2018-07-03T20:30:41,0.68,Rain,Clear conditions throughout the day with rain.,rain,"72505394728,72055399999,KLGA,KJRB,KNYC,F1417,72503014732"
New York,2018-07-04,30.5,24.4,26.8,34.0,24.4,28.1,22.5,78.4,0.0,0,0.0,,0,0,,9.5,76.8,1025.5,17.0,15.6,198.5,16.9,9,,2018-07-04T05:30:15,2018-07-04T20:30:28,0.72,Clear,Clear conditions throughout the day.,clear-day,"72505394728,72055399999,KLGA,KJRB,KNYC,F1417"
New York,2018-07-05,31.2,23.9,27.4,35.6,23.9,29.6,23.0,77.9,0.0,0,0.0,,0,0,44.6,25.9,204.4,1024.9,31.4,16.0,255.1,22.0,8,,2018-07-05T05:30:50,2018-07-05T20:30:13,0.75,Partially cloudy,Clearing in the afternoon.,partly-cloudy-day,"D9152,72505394728,72055399999,KLGA,KJRB,KNYC,F1417,72503014732"
New York,2018-07-06,27.8,23.3,25.6,29.0,23.3,25.9,20.8,76.8,3.118,100,25.0,rain,0,0,35.3,22.3,264.1,1018.3,58.9,15.4,98.4,8.4,3,,2018-07-06T05:31:26,2018-07-06T20:29:56,0.75,"Rain, Partially cloudy",Partly cloudy throughout the day with rain in the morning and afternoon.,rain,"72505394728,72055399999,KLGA,KJRB,KNYC,F1417,72503014732"
New York,2018-07-07,25.6,18.8,21.6,25.6,18.8,21.6,10.8,50.7,0.0,0,0.0,,0,0,37.1,25.9,53.5,1026.4,0.3,16.0,331.3,28.6,10,,2018-07-07T05:32:03,2018-07-07T20:29:38,0.82,Clear,Clear conditions throughout the day.,clear-day,"72505394728,72055399999,KLGA,KJRB,KNYC,F1417,72503014732"
New York,2018-07-08,28.3,18.8,22.9,28.0,18.8,22.8,12.8,54.3,0.0,0,0.0,,0,0,29.5,18.4,160.5,1027.4,0.3,16.0,325.2,27.8,10,,2018-07-08T05:32:42,2018-07-08T20:29:17,0.85,Clear,Clear conditions throughout the day.,clear-day,"72505394728,72055399999,KLGA,KJRB,KNYC,F1417,72503014732"
New York,2018-07-09,30.6,20.0,24.8,30.4,20.0,24.8,15.1,55.8,0.0,0,0.0,,0,0,44.6,14.1,224.7,1022.2,0.2,15.8,319.2,27.4,9,,2018-07-09T05:33:22,2018-07-09T20:28:54,0.88,Clear,Clear conditions throughout the day.,clear-day,"72505394728,72055399999,KLGA,KJRB,KNYC,F1417"
New York,2018-07-10,33.3,21.7,27.4,33.8,21.7,27.8,17.1,55.3,0.0,0,0.0,,0,0,29.5,16.9,257.5,1013.7,0.4,15.8,314.8,27.1,9,,2018-07-10T05:34:03,2018-07-10T20:28:29,0.92,Clear,Clear conditions throughout the day.,clear-day,"72505394728,72055399999,KLGA,KJRB,KNYC,F1417"
New York,2018-07-11,31.1,23.4,26.5,32.1,23.4,27.1,18.8,63.5,0.0,0,0.0,,0,0,27.7,20.5,49.4,1013.6,52.6,16.0,258.5,22.4,9,,2018-07-11T05:34:45,2018-07-11T20:28:02,0.95,Partially cloudy,Partly cloudy throughout the day.,partly-cloudy-day,"72505394728,72055399999,KLGA,KJRB,KNYC,F1417,72503014732"
New York,2018-07-12,29.9,21.5,24.7,29.4,21.5,24.6,15.9,60.6,0.969,100,12.5,rain,0,0,,20.5,36.8,1021.5,45.4,15.9,227.8,19.7,10,,2018-07-12T05:35:28,2018-07-12T20:27:33,0.0,"Rain, Partially cloudy",Partly cloudy throughout the day with rain clearing later.,rain,"72505394728,72055399999,KLGA,KJRB,KNYC,F1417,72503014732"
New York,2018-07-13,29.2,21.1,24.6,28.9,21.1,24.6,16.7,63.3,0.0,0,0.0,,0,0,37.1,10.5,181.8,1023.5,1.8,15.9,292.7,25.4,9,,2018-07-13T05:36:13,2018-07-13T20:27:02,0.02,Clear,Clear conditions throughout the day.,clear-day,"72505394728,72055399999,KLGA,KJRB,KNYC,F1417,72503014732"
New York,2018-07-14,31.7,21.2,26.5,32.7,21.2,26.9,17.2,57.8,0.0,0,0.0,,0,0,38.9,13.1,231.4,1020.2,17.1,15.8,270.1,23.4,9,,2018-07-14T05:36:58,2018-07-14T20:26:29,0.05,Clear,Clear conditions throughout the day.,clear-day,"72505394728,72055399999,KLGA,KJRB,KNYC,F1417,72503014732"
New York,2018-07-15,29.9,21.2,24.4,32.2,21.2,24.9,20.6,80.9,4.759,100,41.67,rain,0,0,,10.6,245.2,1016.7,47.5,15.3,152.4,13.1,6,,2018-07-15T05:37:44,2018-07-15T20:25:54,0.09,"Rain, Partially cloudy",Partly cloudy throughout the day with a chance of rain throughout the day.,rain,"72505394728,72055399999,KLGA,KJRB,KNYC,F1417,72503014732"
New York,2018-07-16,32.2,23.9,27.7,37.3,23.9,29.7,22.1,72.5,0.232,100,4.17,rain,0,0,38.9,31.7,196.7,1014.5,4.1,15.9,281.8,24.2,9,,2018-07-16T05:38:32,2018-07-16T20:25:17,0.12,Rain,Clear conditions throughout the day with morning rain.,rain,"72505394728,72055399999,KLGA,KJRB,KNYC,F1417"
New York,2018-07-17,31.6,22.0,25.7,36.6,22.0,26.9,22.3,82.4,3.584,100,29.17,rain,0,0,37.1,33.5,223.8,1012.4,47.8,14.9,153.8,13.3,9,,2018-07-17T05:39:20,2018-07-17T20:24:39,0.15,"Rain, Partially cloudy",Becoming cloudy in the afternoon with rain.,rain,"72505394728,72055399999,KLGA,KJRB,KNYC,F1417,72503014732"
New York,2018-07-18,28.7,21.1,25.0,29.3,21.1,24.9,14.9,56.7,0.0,0,0.0,,0,0,37.1,27.7,349.7,1011.9,30.5,15.9,292.0,25.1,9,,2018-07-18T05:40:09,2018-07-18T20:23:58,0.19,Partially cloudy,Partly cloudy throughout the day.,partly-cloudy-day,"72505394728,72055399999,KLGA,KJRB,KNYC,F1417,72503014732"
New York,2018-07-19,27.5,19.7,23.5,26.8,19.7,23.4,10.9,46.0,0.0,0,0.0,,0,0,,18.4,64.1,1018.1,2.4,16.0,316.8,27.3,10,,2018-07-19T05:40:58,2018-07-19T20:23:16,0.25,Clear,Clear conditions throughout the day.,clear-day,"72505394728,KLGA,KNYC,F1417,72503014732"
New York,2018-07-20,27.9,20.8,23.7,28.0,20.8,23.7,15.5,61.5,0.0,0,0.0,,0,0,35.3,18.4,166.2,1020.5,19.8,15.9,299.5,25.8,9,,2018-07-20T05:41:49,2018-07-20T20:22:31,0.26,Clear,Clear conditions throughout the day.,clear-day,"72505394728,KLGA,KNYC,F1417,72503014732"
New York,2018-07-21,24.7,18.6,22.0,24.7,18.6,22.0,15.1,65.7,6.202,100,12.5,rain,0,0,35.3,33.5,73.7,1017.5,56.1,14.9,222.3,19.1,9,,2018-07-21T05:42:40,2018-07-21T20:21:45,0.29,"Rain, Partially cloudy",Becoming cloudy in the afternoon with late afternoon rain.,rain,"72505394728,KLGA,KNYC,F1417,72503014732"
New York,2018-07-22,26.2,19.7,23.8,26.2,19.7,23.8,21.6,88.0,32.558,100,54.17,rain,0,0,62.7,40.7,131.6,1012.7,98.9,11.3,155.7,13.4,7,,2018-07-22T05:43:32,2018-07-22T20:20:58,0.32,"Rain, Overcast",Cloudy skies throughout the day with a chance of rain throughout the day.,rain,"72505394728,KLGA,KNYC,F1417,72503014732"
New York,2018-07-23,27.2,23.3,25.0,29.9,23.3,25.5,22.9,88.0,4.672,100,29.17,rain,0,0,59.2,29.5,156.3,1018.9,97.9,12.1,146.0,12.7,7,,2018-07-23T05:44:25,2018-07-23T20:20:08,0.36,"Rain, Overcast",Cloudy skies throughout the day with a chance of rain throughout the day.,rain,"72505394728,KLGA,KNYC,F1417,72503014732"
New York,2018-07-24,27.8,24.2,25.9,30.5,24.2,26.9,22.7,82.3,0.366,100,4.17,rain,0,0,55.4,29.5,155.6,1021.4,95.7,14.3,183.2,15.9,8,,2018-07-24T05:45:18,2018-07-24T20:19:16,0.39,"Rain, Overcast",Cloudy skies throughout the day with early morning rain.,rain,"72505394728,KLGA,KNYC,F1417,72503014732"
New York,2018-07-25,25.3,23.0,24.5,25.3,23.0,24.5,22.7,89.8,17.168,100,50.0,rain,0,0,50.2,31.7,162.8,1015.3,99.8,12.8,124.3,10.8,5,,2018-07-25T05:46:12,2018-07-25T20:18:23,0.43,"Rain, Overcast",Cloudy skies throughout the day with a chance of rain throughout the day.,rain,"72505394728,KLGA,KNYC,F1417,72503014732"
New York,2018-07-26,29.1,22.6,25.7,31.1,22.6,26.6,21.1,76.9,2.351,100,16.67,rain,0,0,25.9,10.3,253.6,1011.2,61.4,14.9,161.7,13.9,7,,2018-07-26T05:47:06,2018-07-26T20:17:29,0.46,"Rain, Partially cloudy",Partly cloudy throughout the day with early morning rain.,rain,"72505394728,KLGA,KNYC,F1417,72503014732"
New York,2018-07-27,29.8,21.2,25.8,32.9,21.2,26.7,21.0,75.5,5.07,100,33.33,rain,0,0,35.3,22.3,186.7,1014.8,47.8,13.5,214.7,18.5,8,,2018-07-27T05:48:01,2018-07-27T20:16:32,0.5,"Rain, Partially cloudy",Becoming cloudy in the afternoon with rain.,rain,"72505394728,KLGA,KNYC,F1417,72503014732"
New York,2018-07-28,29.2,21.4,25.4,30.8,21.4,26.1,20.2,74.9,0.0,0,0.0,,0,0,,14.8,296.9,1015.0,41.0,12.5,254.3,21.9,9,,2018-07-28T05:48:56,2018-07-28T20:15:34,0.53,Partially cloudy,Becoming cloudy in the afternoon.,partly-cloudy-day,"72505394728,AN736,KLGA,KNYC,F1417,72503014732"
New York,2018-07-29,27.5,22.0,24.9,27.9,22.0,25.0,15.9,57.9,0.0,0,0.0,,0,0,,11.5,328.4,1017.9,35.6,16.0,257.4,22.3,8,,2018-07-29T05:49:52,2018-07-29T20:14:34,0.56,Partially cloudy,Becoming cloudy in the afternoon.,partly-cloudy-day,"72505394728,KLGA,KNYC,F1417,72503014732"
New York,2018-07-30,25.5,20.9,23.5,25.5,20.9,23.5,16.8,66.7,6.886,100,8.33,rain,0,0,,11.5,88.2,1020.2,27.2,15.7,116.6,10.0,5,,2018-07-30T05:50:48,2018-07-30T20:13:33,0.6,"Rain, Partially cloudy",Partly cloudy throughout the day with late afternoon rain.,rain,"D9152,72505394728,KLGA,KNYC,F1417,72503014732"
New York,2018-07-31,27.4,20.5,23.6,28.5,20.5,23.7,18.0,71.5,0.0,0,0.0,,0,0,,18.4,140.4,1019.8,33.1,15.5,232.4,20.1,8,,2018-07-31T05:51:44,2018-07-31T20:12:30,0.63,Partially cloudy,Partly cloudy throughout the day.,partly-cloudy-day,"72505394728,KLGA,KNYC,F1417,72503014732"
New York,2018-08-01,29.4,23.6,26.3,33.3,23.6,28.0,22.5,80.1,2.257,100,25.0,rain,0,0,42.5,27.7,173.9,1017.0,81.2,14.7,182.0,15.7,8,,2018-08-01T05:52:41,2018-08-01T20:11:25,0.67,"Rain, Partially cloudy",Partly cloudy throughout the day with a chance of rain throughout the day.,rain,"72505394728,KLGA,KNYC,F1417,72503014732"
New York,2018-08-02,30.6,24.8,27.6,34.8,24.8,29.5,22.0,72.0,3.238,100,16.67,rain,0,0,38.9,14.6,236.3,1018.5,46.0,16.0,199.1,17.1,7,,2018-08-02T05:53:38,2018-08-02T20:10:20,0.7,"Rain, Partially cloudy",Partly cloudy throughout the day with late afternoon rain.,rain,"72505394728,72055399999,KLGA,KJRB,KNYC,F1417,72503014732"
New York,2018-08-03,29.2,23.8,26.3,33.8,23.8,27.3,23.0,82.5,5.503,100,25.0,rain,0,0,38.9,10.8,204.4,1020.8,55.2,15.7,165.3,14.2,7,,2018-08-03T05:54:35,2018-08-03T20:09:12,0.73,"Rain, Partially cloudy",Partly cloudy throughout the day with afternoon rain.,rain,"72505394728,72055399999,KLGA,KJRB,KNYC,F1417,72503014732"
New York,2018-08-04,32.0,23.8,26.8,35.0,23.8,28.0,22.4,78.3,13.337,100,20.83,rain,0,0,,13.0,262.6,1018.8,65.5,15.3,167.2,14.5,8,,2018-08-04T05:55:33,2018-08-04T20:08:03,0.75,"Rain, Partially cloudy",Partly cloudy throughout the day with rain in the morning and afternoon.,rain,"72505394728,72055399999,KLGA,KJRB,KNYC,F1417"
New York,2018-08-05,33.7,24.3,29.0,37.3,24.3,31.0,21.3,64.7,0.0,0,0.0,,0,0,,11.2,294.3,1020.3,7.2,16.0,285.3,24.7,9,,2018-08-05T05:56:31,2018-08-05T20:06:53,0.8,Clear,Clear conditions throughout the day.,clear-day,"72505394728,72055399999,KLGA,KJRB,KNYC,F1417"
New York,2018-08-06,33.8,25.7,29.4,38.8,25.7,32.4,22.8,68.6,0.0,0,0.0,,0,0,25.9,16.6,253.6,1018.3,4.0,15.7,231.3,20.0,8,,2018-08-06T05:57:29,2018-08-06T20:05:41,0.84,Clear,Clear conditions throughout the day.,clear-day,"72505394728,72055399999,KLGA,KJRB,KNYC,F1417"
New York,2018-08-07,32.7,24.9,28.0,38.1,24.9,30.9,23.4,76.7,1.435,100,12.5,rain,0,0,64.8,22.3,204.7,1015.7,36.3,15.0,230.7,19.9,9,,2018-08-07T05:58:27,2018-08-07T20:04:28,0.87,"Rain, Partially cloudy",Partly cloudy throughout the day with late afternoon rain.,rain,"72505394728,72055399999,KLGA,KJRB,KNYC,F1417,72503014732"
New York,2018-08-08,33.3,24.4,28.0,38.7,24.4,30.3,22.7,73.9,0.469,100,4.17,rain,0,0,35.3,16.6,206.0,1012.5,21.0,16.0,263.1,22.7,9,,2018-08-08T05:59:25,2018-08-08T20:03:14,0.91,"Rain, Partially cloudy",Clearing in the afternoon with late afternoon rain.,rain,"72505394728,72055399999,KLGA,KJRB,KNYC,F1417,72503014732"
New York,2018-08-09,32.7,24.3,28.5,34.9,24.3,29.8,20.7,65.2,2.249,100,20.83,rain,0,0,33.5,22.3,317.3,1009.2,30.0,15.8,262.1,22.8,9,,2018-08-09T06:00:24,2018-08-09T20:01:59,0.94,"Rain, Partially cloudy",Partly cloudy throughout the day with a chance of rain throughout the day.,rain,"72505394728,72055399999,KLGA,KJRB,KNYC,F1417"
New York,2018-08-10,32.1,24.3,27.4,33.8,24.3,28.2,18.6,59.4,0.0,0,0.0,,0,0,31.7,11.2,304.4,1012.0,34.5,15.8,208.7,18.0,8,,2018-08-10T06:01:22,2018-08-10T20:00:42,0.97,Partially cloudy,Becoming cloudy in the afternoon.,partly-cloudy-day,"72505394728,72055399999,KLGA,KJRB,KNYC,F1417,72503014732"
New York,2018-08-11,26.7,22.2,24.0,27.9,22.2,24.1,21.7,87.3,47.44,100,54.17,rain,0,0,,9.1,50.1,1013.9,85.6,14.2,77.5,6.8,3,,2018-08-11T06:02:21,2018-08-11T19:59:24,0.0,"Rain, Partially cloudy",Partly cloudy throughout the day with a chance of rain throughout the day.,rain,"D9152,72505394728,72055399999,KLGA,KJRB,KNYC,F1417"
New York,2018-08-12,30.5,23.3,25.8,33.3,23.3,26.8,22.2,81.3,1.641,100,16.67,rain,0,0,,16.6,43.5,1016.4,64.2,15.8,219.5,19.1,8,,2018-08-12T06:03:20,2018-08-12T19:58:04,0.04,"Rain, Partially cloudy",Partly cloudy throughout the day with rain.,rain,"72505394728,72055399999,KLGA,KJRB,KNYC,F1417,72503014732"
New York,2018-08-13,26.0,22.8,23.7,26.0,22.8,23.7,21.9,89.7,13.737,100,41.67,rain,0,0,37.1,27.7,53.3,1016.7,94.5,15.1,52.5,4.6,3,,2018-08-13T06:04:19,2018-08-13T19:56:44,0.07,"Rain, Overcast",Cloudy skies throughout the day with a chance of rain throughout the day.,rain,"72505394728,72055399999,KLGA,KJRB,KNYC,F1417,72503014732"
New York,2018-08-14,29.2,20.8,24.0,31.0,20.8,24.3,21.2,85.4,10.593,100,20.83,rain,0,0,37.1,18.4,232.1,1011.5,48.5,14.6,180.8,15.7,7,,2018-08-14T06:05:18,2018-08-14T19:55:22,0.11,"Rain, Partially cloudy",Partly cloudy throughout the day with rain.,rain,"72505394728,72055399999,KLGA,KJRB,KNYC,F1417,72503014732"
New York,2018-08-15,32.7,21.7,27.0,34.4,21.7,28.0,20.0,68.2,1.408,100,12.5,rain,0,0,31.7,18.4,280.6,1012.7,33.2,15.6,268.1,23.0,9,,2018-08-15T06:06:17,2018-08-15T19:54:00,0.14,"Rain, Partially cloudy",Partly cloudy throughout the day with rain in the morning and afternoon.,rain,"72505394728,72055399999,KLGA,KJRB,KNYC,F1417"
New York,2018-08-16,33.2,24.4,28.7,35.4,24.4,30.3,21.2,65.2,0.232,100,4.17,rain,0,0,29.5,13.3,290.9,1017.4,8.8,15.9,238.8,20.4,8,,2018-08-16T06:07:16,2018-08-16T19:52:36,0.17,Rain,Clear conditions throughout the day with morning rain.,rain,"72505394728,72055399999,KLGA,KJRB,KNYC,F1417,72503014732"
New York,2018-08-17,32.1,24.9,28.1,37.2,24.9,30.9,22.9,73.7,0.687,100,12.5,rain,0,0,47.9,25.9,208.7,1017.0,12.2,15.8,190.1,16.2,7,,2018-08-17T06:08:15,2018-08-17T19:51:11,0.21,Rain,Clear conditions throughout the day with rain.,rain,"72505394728,72055399999,KLGA,KJRB,KNYC,F1417,72503014732"
New York,2018-08-18,31.0,23.3,25.9,35.3,23.3,27.0,22.5,82.2,8.335,100,41.67,rain,0,0,38.9,24.1,277.7,1011.5,65.8,14.8,175.8,15.2,6,,2018-08-18T06:09:14,2018-08-18T19:49:46,0.25,"Rain, Partially cloudy",Becoming cloudy in the afternoon with a chance of rain throughout the day.,rain,"72505394728,72055399999,KLGA,KJRB,KNYC,F1417,72503014732"
New York,2018-08-19,23.3,21.1,22.5,23.3,21.1,22.5,19.0,80.8,0.292,100,20.83,rain,0,0,42.5,29.5,48.7,1015.5,99.5,16.0,52.4,4.6,2,,2018-08-19T06:10:13,2018-08-19T19:48:19,0.27,"Rain, Overcast",Cloudy skies throughout the day with rain in the morning and afternoon.,rain,"72505394728,72055399999,KLGA,KJRB,KNYC,F1417,72503014732"
New York,2018-08-20,23.8,21.1,22.5,23.8,21.1,22.5,18.3,77.3,0.0,0,0.0,,0,0,,27.7,55.4,1020.2,96.3,15.9,73.3,6.3,2,,2018-08-20T06:11:12,2018-08-20T19:46:52,0.31,Overcast,Cloudy skies throughout the day.,cloudy,"72505394728,72055399999,KLGA,KJRB,KNYC,F1417,72503014732"
New York,2018-08-21,26.1,20.6,23.1,26.1,20.6,23.1,18.8,77.3,0.01,100,4.17,rain,0,0,,20.5,111.9,1018.1,60.2,16.0,210.2,18.2,8,,2018-08-21T06:12:11,2018-08-21T19:45:23,0.34,"Rain, Partially cloudy",Partly cloudy throughout the day with late afternoon rain.,rain,"72505394728,72055399999,KLGA,KJRB,KNYC,F1417,72503014732"
New York,2018-08-22,30.5,22.8,25.5,31.7,22.8,26.1,20.3,74.8,12.841,100,20.83,rain,0,0,44.6,22.3,257.5,1007.3,75.1,15.8,276.0,23.9,9,,2018-08-22T06:13:10,2018-08-22T19:43:54,0.37,"Rain, Partially cloudy",Partly cloudy throughout the day with rain clearing later.,rain,"72505394728,AN736,72055399999,KLGA,KJRB,KNYC,F1417,72503014732"
New York,2018-08-23,27.7,20.6,24.0,27.3,20.6,23.9,14.1,56.2,0.928,100,16.67,rain,0,0,35.3,24.1,319.8,1014.5,31.3,15.9,270.0,23.3,9,,2018-08-23T06:14:09,2018-08-23T19:42:23,0.41,"Rain, Partially cloudy",Clearing in the afternoon with rain.,rain,"72505394728,72055399999,KLGA,KJRB,KNYC,F1417"
New York,2018-08-24,29.8,20.5,24.7,29.4,20.5,24.6,14.8,55.3,0.936,100,8.33,rain,0,0,,11.5,268.7,1022.7,0.2,16.0,262.4,23.0,9,,2018-08-24T06:15:07,2018-08-24T19:40:52,0.44,Rain,Clear conditions throughout the day with rain.,rain,"72505394728,72055399999,KLGA,KJRB,KNYC,F1417"
New York,2018-08-25,27.7,21.1,24.2,28.0,21.1,24.2,15.7,60.0,0.0,0,0.0,,0,0,27.7,14.8,164.1,1025.0,0.9,16.0,249.1,21.5,8,,2018-08-25T06:16:06,2018-08-25T19:39:21,0.47,Clear,Clear conditions throughout the day.,clear-day,"72505394728,72055399999,KLGA,KJRB,KNYC,F1417,72503014732"
New York,2018-08-26,29.9,21.1,25.2,31.8,21.1,26.0,18.7,67.9,0.0,0,0.0,,0,0,35.3,12.8,219.5,1020.6,36.1,16.0,211.7,18.1,8,,2018-08-26T06:17:05,2018-08-26T19:37:48,0.5,Partially cloudy,Becoming cloudy in the afternoon.,partly-cloudy-day,"72505394728,72055399999,KLGA,KJRB,KNYC,F1417"
New York,2018-08-27,32.1,23.1,27.7,36.1,23.1,29.7,21.6,70.3,0.0,0,0.0,,0,0,27.7,9.5,262.2,1018.8,6.7,15.7,206.8,17.7,8,,2018-08-27T06:18:04,2018-08-27T19:36:15,0.54,Clear,Clear conditions throughout the day.,clear-day,"72505394728,72055399999,KLGA,KJRB,KNYC,F1417,72503014732"
New York,2018-08-28,35.5,25.7,30.1,40.7,25.7,33.5,23.0,67.6,0.232,100,4.17,rain,0,0,38.9,24.1,253.6,1017.1,2.9,14.7,242.7,21.0,8,,2018-08-28T06:19:03,2018-08-28T19:34:41,0.58,Rain,Clear conditions throughout the day with afternoon rain.,rain,"72505394728,72055399999,KLGA,KJRB,KNYC,F1417"
New York,2018-08-29,34.9,26.7,30.6,39.6,29.5,34.6,22.9,65.1,0.696,100,12.5,rain,0,0,37.1,24.1,252.3,1016.1,2.2,15.9,230.1,19.8,8,,2018-08-29T06:20:01,2018-08-29T19:33:06,0.61,Rain,Clear conditions throughout the day with rain.,rain,"72505394728,72055399999,KLGA,KJRB,KNYC,F1417,72503014732"
New York,2018-08-30,33.2,26.7,29.7,36.0,28.7,32.4,21.5,62.6,0.232,100,4.17,rain,0,0,30.2,24.1,327.1,1016.5,7.5,16.0,225.7,19.6,8,,2018-08-30T06:21:00,2018-08-30T19:31:31,0.65,Rain,Clear conditions throughout the day with late afternoon rain.,rain,"72505394728,72055399999,KLGA,KJRB,KNYC,F1417"
New York,2018-08-31,27.1,22.8,24.2,28.3,22.8,24.2,19.0,73.1,0.496,100,12.5,rain,0,0,44.6,24.1,69.4,1024.0,92.0,15.9,54.0,4.5,2,,2018-08-31T06:21:59,2018-08-31T19:29:55,0.68,"Rain, Overcast",Cloudy skies throughout the day with rain.,rain,"72505394728,72055399999,KLGA,KJRB,KNYC,F1417"
New York,2018-09-01,26.1,21.7,23.2,26.1,21.7,23.2,17.7,71.2,0.0,0,0.0,,0,0,,20.5,72.6,1026.3,87.7,15.9,184.0,15.8,7,,2018-09-01T06:22:57,2018-09-01T19:28:19,0.72,Partially cloudy,Partly cloudy throughout the day.,partly-cloudy-day,"72505394728,72055399999,KLGA,KJRB,KNYC,F1417,72503014732"
New York,2018-09-02,28.7,21.6,24.7,31.1,21.6,25.2,20.0,75.4,0.0,0,0.0,,0,0,25.9,16.6,165.1,1024.6,54.5,16.0,179.0,15.6,7,,2018-09-02T06:23:56,2018-09-02T19:26:42,0.75,Partially cloudy,Partly cloudy throughout the day.,partly-cloudy-day,"72505394728,72055399999,KLGA,KJRB,KNYC,F1417"
New York,2018-09-03,32.2,24.4,28.0,37.9,24.4,31.1,23.5,77.7,1.176,100,12.5,rain,0,0,,9.8,230.6,1024.2,38.9,15.7,239.0,20.6,8,,2018-09-03T06:24:54,2018-09-03T19:25:04,0.79,"Rain, Partially cloudy",Clearing in the afternoon with afternoon rain.,rain,"72505394728,72055399999,KLGA,KJRB,KNYC,F1417,72503014732"
New York,2018-09-04,34.2,26.1,29.7,38.2,26.1,32.4,22.0,64.8,0.232,100,4.17,rain,0,0,,9.7,346.5,1023.0,14.6,16.0,214.3,18.6,8,,2018-09-04T06:25:53,2018-09-04T19:23:27,0.82,Rain,Clear conditions throughout the day with morning rain.,rain,"D9152,72505394728,72055399999,KLGA,KJRB,KNYC,F1417"
New York,2018-09-05,32.8,25.6,28.2,38.1,25.6,30.8,23.1,74.5,0.464,100,8.33,rain,0,0,27.7,18.4,145.4,1023.1,11.4,15.9,218.9,18.8,8,,2018-09-05T06:26:51,2018-09-05T19:21:48,0.86,Rain,Clear conditions throughout the day with rain.,rain,"D9152,72505394728,72055399999,KLGA,KJRB,KNYC,F1417,72503014732"
New York,2018-09-06,34.3,25.5,28.4,41.4,25.5,31.0,23.5,76.1,0.934,100,16.67,rain,0,0,50.0,22.3,205.3,1020.4,43.8,15.6,208.7,18.0,7,,2018-09-06T06:27:49,2018-09-06T19:20:09,0.89,"Rain, Partially cloudy",Partly cloudy throughout the day with rain.,rain,"D9152,72505394728,72055399999,KLGA,KJRB,KNYC,F1417,72503014732"
New York,2018-09-07,25.5,22.1,24.3,25.5,22.1,24.3,20.9,81.5,0.464,100,8.33,rain,0,0,29.5,19.4,51.2,1020.4,81.1,15.9,58.4,5.0,2,,2018-09-07T06:28:48,2018-09-07T19:18:30,0.93,"Rain, Partially cloudy",Partly cloudy throughout the day with rain in the morning and afternoon.,rain,"72505394728,72055399999,KLGA,KJRB,KNYC,F1417"
New York,2018-09-08,22.8,18.7,21.2,22.8,18.7,21.2,15.6,70.8,0.031,100,8.33,rain,0,0,29.5,18.2,29.4,1020.0,64.2,16.0,66.6,5.9,3,,2018-09-08T06:29:46,2018-09-08T19:16:51,0.96,"Rain, Partially cloudy",Partly cloudy throughout the day with late afternoon rain.,rain,"72505394728,72055399999,KLGA,KJRB,KNYC,F1417"
New York,2018-09-09,18.7,14.1,16.8,18.7,14.1,16.8,13.6,82.1,5.465,100,66.67,rain,0,0,38.9,29.5,49.5,1022.9,97.9,15.9,34.0,2.9,1,,2018-09-09T06:30:45,2018-09-09T19:15:11,0.0,"Rain, Overcast",Cloudy skies throughout the day with a chance of rain throughout the day.,rain,"72505394728,72055399999,KLGA,KJRB,KNYC,F1417,72503014732"
New York,2018-09-10,18.8,13.9,16.9,18.8,13.9,16.9,15.6,92.0,3.919780487804878,100,100.0,rain,0,0,42.5,19.4,59.3,1022.2,100.0,12.7,42.6,3.7,2,,2018-09-10T06:31:43,2018-09-10T19:13:31,0.03,"Rain, Overcast",Cloudy skies throughout the day with a chance of rain throughout the day.,rain,"72505394728,72055399999,KLGA,KJRB,KNYC,F1417,72503014732"
New York,2018-09-11,25.5,18.3,21.3,25.5,18.3,21.3,19.7,90.4,0.307,100,29.17,rain,0,0,,14.8,28.7,1020.2,97.3,12.9,84.1,7.1,3,,2018-09-11T06:32:42,2018-09-11T19:11:50,0.06,"Rain, Overcast",Cloudy skies throughout the day with a chance of rain throughout the day.,rain,"72505394728,72055399999,KLGA,KJRB,KNYC,F1417,72503014732"
New York,2018-09-12,25.6,22.8,23.7,25.6,22.8,23.7,22.6,93.4,5.268,100,37.5,rain,0,0,,18.4,49.4,1023.1,99.1,11.0,61.7,5.2,3,,2018-09-12T06:33:40,2018-09-12T19:10:10,0.09,"Rain, Overcast",Cloudy skies throughout the day with a chance of rain throughout the day.,rain,"72505394728,72055399999,KLGA,KJRB,KNYC,F1417"
New York,2018-09-13,26.5,21.1,22.9,26.5,21.1,22.9,20.9,89.0,6.344,100,33.33,rain,0,0,,24.1,52.4,1024.4,100.0,15.3,69.9,6.2,4,,2018-09-13T06:34:39,2018-09-13T19:08:29,0.13,"Rain, Overcast",Cloudy skies throughout the day with a chance of rain throughout the day.,rain,"72505394728,72055399999,KLGA,KJRB,KNYC,F1417,72503014732"
New York,2018-09-14,24.9,21.1,22.7,24.9,21.1,22.7,19.5,82.5,0.464,100,8.33,rain,0,0,76.0,24.1,49.7,1023.8,100.0,15.7,56.9,4.9,3,,2018-09-14T06:35:37,2018-09-14T19:06:48,0.16,"Rain, Overcast",Cloudy skies throughout the day with rain.,rain,"72505394728,72055399999,KLGA,KJRB,KNYC,F1417"
New York,2018-09-15,26.7,21.1,23.3,27.9,21.1,23.4,19.0,77.1,0.0,0,0.0,,0,0,72.4,14.7,88.9,1022.8,38.2,15.8,132.0,11.4,5,,2018-09-15T06:36:36,2018-09-15T19:05:07,0.19,Partially cloudy,Partly cloudy throughout the day.,partly-cloudy-day,"72505394728,72055399999,KLGA,KJRB,KNYC,F1417,72503014732"
New York,2018-09-16,28.8,20.6,24.4,31.0,20.6,24.9,19.2,73.6,0.0,0,0.0,,0,0,51.4,14.5,226.6,1022.8,6.1,16.0,221.5,19.0,8,,2018-09-16T06:37:34,2018-09-16T19:03:25,0.25,Clear,Clear conditions throughout the day.,clear-day,"72505394728,72055399999,KLGA,KJRB,KNYC,F1417,72503014732"
New York,2018-09-17,26.5,21.7,23.8,26.5,21.7,23.8,20.8,83.2,0.036,100,8.33,rain,0,0,53.6,16.8,160.3,1019.6,68.6,15.6,97.1,8.6,5,,2018-09-17T06:38:33,2018-09-17T19:01:44,0.26,"Rain, Partially cloudy",Partly cloudy throughout the day with afternoon rain.,rain,"72505394728,KLGA,KJRB,KNYC,F1417,72503014732"
New York,2018-09-18,26.1,22.1,24.0,26.1,22.1,24.0,22.3,90.1,18.59,100,41.67,rain,0,0,38.9,23.4,248.1,1008.9,83.2,14.8,48.7,4.2,3,,2018-09-18T06:39:32,2018-09-18T19:00:02,0.29,"Rain, Partially cloudy",Partly cloudy throughout the day with a chance of rain throughout the day.,rain,"72505394728,72055399999,KLGA,KJRB,KNYC,F1417,72503014732"
New York,2018-09-19,29.2,21.7,24.5,30.1,21.7,24.8,19.5,75.0,0.232,100,4.17,rain,0,0,31.7,14.8,70.6,1012.9,37.4,16.0,191.8,16.6,7,,2018-09-19T06:40:31,2018-09-19T18:58:21,0.32,"Rain, Partially cloudy",Partly cloudy throughout the day with morning rain.,rain,"72505394728,72055399999,KLGA,KJRB,KNYC,F1417,72503014732"
New York,2018-09-20,24.2,18.9,21.0,24.2,18.9,21.0,16.1,74.1,0.464,100,8.33,rain,0,0,59.0,14.1,88.5,1022.4,98.4,15.9,110.4,9.5,4,,2018-09-20T06:41:30,2018-09-20T18:56:39,0.36,"Rain, Overcast",Cloudy skies throughout the day with rain.,rain,"72505394728,AN736,72055399999,KLGA,KJRB,KNYC,F1417,72503014732"
New York,2018-09-21,23.3,20.6,21.7,23.3,20.6,21.7,17.5,77.1,1.168,100,16.67,rain,0,0,76.0,21.3,192.3,1022.0,100.0,15.8,55.3,4.8,2,,2018-09-21T06:42:29,2018-09-21T18:54:58,0.39,"Rain, Overcast",Cloudy skies throughout the day with rain in the morning and afternoon.,rain,"72505394728,72055399999,KLGA,KJRB,KNYC,F1417"
New York,2018-09-22,23.8,19.2,22.3,23.8,19.2,22.3,15.0,65.0,0.232,100,4.17,rain,0,0,62.7,23.4,301.8,1019.0,23.9,16.0,172.3,14.9,9,,2018-09-22T06:43:28,2018-09-22T18:53:16,0.42,"Rain, Partially cloudy",Partly cloudy throughout the day with afternoon rain.,rain,"72505394728,72055399999,C9476,KLGA,KJRB,KNYC,F1417"
New York,2018-09-23,19.9,17.7,18.7,19.9,17.7,18.7,13.9,73.7,0.0,0,0.0,,0,0,75.0,20.0,43.0,1024.0,65.7,16.0,50.6,4.0,3,,2018-09-23T06:44:27,2018-09-23T18:51:35,0.45,Partially cloudy,Partly cloudy throughout the day.,partly-cloudy-day,"72505394728,72055399999,C9476,KLGA,KJRB,KNYC,F1417,72503014732"
New York,2018-09-24,21.6,16.6,18.6,21.6,16.6,18.6,13.5,72.5,0.0,0,0.0,,0,0,40.7,31.6,45.8,1030.2,59.8,16.0,135.9,11.6,7,,2018-09-24T06:45:27,2018-09-24T18:49:54,0.5,Partially cloudy,Partly cloudy throughout the day.,partly-cloudy-day,"72505394728,72055399999,C9476,KLGA,KJRB,KNYC,F1417"
New York,2018-09-25,23.3,16.1,19.7,23.3,16.1,19.7,18.1,90.5,26.885,100,62.5,rain,0,0,47.7,30.8,47.8,1025.7,93.7,12.1,19.5,1.6,1,,2018-09-25T06:46:27,2018-09-25T18:48:12,0.52,"Rain, Overcast",Cloudy skies throughout the day with a chance of rain throughout the day.,rain,"72505394728,72055399999,KLGA,KJRB,KNYC,F1417,72503014732"
New York,2018-09-26,29.9,22.2,24.7,33.8,22.2,25.4,22.3,87.4,3.816,100,25.0,rain,0,0,38.9,12.4,237.4,1015.4,76.1,15.2,105.1,9.2,5,,2018-09-26T06:47:26,2018-09-26T18:46:31,0.56,"Rain, Partially cloudy",Partly cloudy throughout the day with rain.,rain,"72505394728,72055399999,KLGA,KJRB,KNYC,F1417"
New York,2018-09-27,24.8,18.2,20.9,24.8,18.2,20.9,13.9,65.1,0.0,0,0.0,,0,0,86.8,21.9,51.8,1019.1,54.5,16.0,172.0,14.8,7,,2018-09-27T06:48:26,2018-09-27T18:44:51,0.59,Partially cloudy,Becoming cloudy in the afternoon.,partly-cloudy-day,"72505394728,72055399999,KLGA,KJRB,KNYC,F1417,72503014732"
New York,2018-09-28,20.0,15.5,17.4,20.0,15.5,17.4,14.7,84.7,12.747,100,37.5,rain,0,0,85.0,25.0,34.3,1017.5,79.2,13.8,58.8,5.1,3,,2018-09-28T06:49:27,2018-09-28T18:43:10,0.63,"Rain, Partially cloudy",Partly cloudy throughout the day with a chance of rain throughout the day.,rain,"D9152,72505394728,72055399999,KLGA,KJRB,KNYC,F1417"
New York,2018-09-29,24.8,15.6,19.5,24.8,15.6,19.5,13.4,69.8,0.0,0,0.0,,0,0,76.0,23.5,282.2,1022.3,28.5,15.6,188.5,16.2,7,,2018-09-29T06:50:27,2018-09-29T18:41:30,0.66,Partially cloudy,Partly cloudy throughout the day.,partly-cloudy-day,"72505394728,72055399999,KLGA,KJRB,KNYC,F1417,72503014732"
New York,2018-09-30,22.7,15.5,19.3,22.7,15.5,19.3,12.1,63.6,0.0,0,0.0,,0,0,79.6,23.3,52.0,1026.8,0.4,16.0,195.5,16.8,7,,2018-09-30T06:51:28,2018-09-30T18:39:50,0.7,Clear,Clear conditions throughout the day.,clear-day,"72505394728,72055399999,KLGA,KJRB,KNYC,F1417,72503014732"
New York,2018-10-01,25.6,18.3,21.3,25.6,18.3,21.3,17.6,79.8,0.0,0,0.0,,0,0,83.2,14.7,252.8,1025.4,68.3,16.0,91.5,8.1,5,,2018-10-01T06:52:28,2018-10-01T18:38:10,0.73,Partially cloudy,Partly cloudy throughout the day.,partly-cloudy-day,"72505394728,72055399999,KLGA,KJRB,KNYC,F1417,72503014732"
New York,2020-06-01,23.2,11.7,17.3,23.2,11.7,17.3,3.5,40.8,0.0,0,0.0,,0,0,50.8,20.6,281.4,1021.8,37.3,16.0,288.4,24.9,8,,2020-06-01T05:26:56,2020-06-01T20:21:25,0.35,Partially cloudy,Becoming cloudy in the afternoon.,partly-cloudy-day,"72505394728,72055399999,KLGA,KJRB,KNYC,F1417,72503014732"
New York,2020-06-02,23.3,15.1,19.3,23.3,15.1,19.3,8.3,49.5,0.0,0,0.0,,0,0,,18.4,259.4,1015.4,53.3,16.0,178.7,15.2,7,,2020-06-02T05:26:32,2020-06-02T20:22:07,0.39,Partially cloudy,Partly cloudy throughout the day.,partly-cloudy-day,"D9152,72505394728,72055399999,KLGA,KJRB,KNYC,F1417,72503014732"
New York,2020-06-03,26.1,16.2,21.0,26.1,16.2,21.0,16.3,75.2,9.296,100,25.0,rain,0,0,46.4,22.3,263.4,1005.1,23.7,15.4,190.0,16.5,7,,2020-06-03T05:26:10,2020-06-03T20:22:48,0.42,"Rain, Partially cloudy",Partly cloudy throughout the day with a chance of rain throughout the day.,rain,"72505394728,72055399999,KLGA,KJRB,KNYC,F1417,72503014732"
New York,2020-06-04,30.6,19.4,23.7,30.4,19.4,23.7,17.0,68.5,0.23,100,4.17,rain,0,0,83.2,13.2,216.8,1010.6,17.1,16.0,262.8,22.8,8,,2020-06-04T05:25:50,2020-06-04T20:23:28,0.46,Rain,Clear conditions throughout the day with afternoon rain.,rain,"72505394728,72055399999,KLGA,KJRB,KNYC,F1417,72503014732"
New York,2020-06-05,28.2,20.0,22.5,29.9,20.0,22.7,19.7,84.7,4.253,100,33.33,rain,0,0,31.7,16.5,246.3,1012.5,54.7,15.4,106.1,9.2,5,,2020-06-05T05:25:32,2020-06-05T20:24:07,0.5,"Rain, Partially cloudy",Partly cloudy throughout the day with rain.,rain,"72505394728,72055399999,KLGA,KJRB,KNYC,F1417,72503014732"
New York,2020-06-06,30.0,20.7,24.8,32.3,20.7,25.2,17.8,69.9,2.329,100,16.67,rain,0,0,59.0,18.3,256.8,1008.2,40.9,14.9,254.9,22.1,9,,2020-06-06T05:25:16,2020-06-06T20:24:44,0.53,"Rain, Partially cloudy",Partly cloudy throughout the day with rain.,rain,"72505394728,72055399999,KLGA,KJRB,KNYC,F1417,72503014732"
New York,2020-06-07,26.5,17.8,22.3,26.5,17.8,22.3,9.1,44.1,0.23,100,4.17,rain,0,0,47.9,22.4,351.6,1012.0,40.8,16.0,309.8,26.6,10,,2020-06-07T05:25:02,2020-06-07T20:25:19,0.56,"Rain, Partially cloudy",Becoming cloudy in the afternoon with afternoon rain.,rain,"72505394728,72055399999,KLGA,KJRB,KNYC,F1417,72503014732"
New York,2020-06-08,27.7,17.1,21.8,26.9,17.1,21.7,9.0,45.2,0.0,0,0.0,,0,0,59.0,16.5,281.6,1016.0,1.8,16.0,342.7,29.7,10,,2020-06-08T05:24:50,2020-06-08T20:25:53,0.59,Clear,Clear conditions throughout the day.,clear-day,"72505394728,72055399999,KLGA,KJRB,KNYC,F1417,72503014732"
New York,2020-06-09,30.7,18.4,24.6,30.3,18.4,24.5,13.9,52.6,0.0,0,0.0,,0,0,35.3,14.9,246.0,1013.9,0.6,16.0,328.0,28.3,9,,2020-06-09T05:24:40,2020-06-09T20:26:26,0.62,Clear,Clear conditions throughout the day.,clear-day,"72505394728,72055399999,KLGA,KJRB,KNYC,F1417,72503014732"
New York,2020-06-10,28.3,21.7,24.5,30.3,21.7,24.8,17.8,66.8,0.0,0,0.0,,0,0,48.1,20.6,95.5,1014.7,1.2,16.0,314.2,27.2,9,,2020-06-10T05:24:32,2020-06-10T20:26:57,0.66,Clear,Clear conditions throughout the day.,clear-day,"72505394728,72055399999,KLGA,KJRB,KNYC,F1417,72503014732"
New York,2020-06-11,27.2,21.8,23.4,29.0,21.8,23.5,20.3,83.2,0.541,100,12.5,rain,0,0,53.6,29.3,235.0,1015.6,76.8,15.9,114.3,9.6,5,,2020-06-11T05:24:26,2020-06-11T20:27:26,0.69,"Rain, Partially cloudy",Partly cloudy throughout the day with rain in the morning and afternoon.,rain,"72505394728,72055399999,KLGA,KJRB,KNYC,F1417,72503014732"
New York,2020-06-12,29.3,20.7,25.0,28.0,20.7,24.7,14.0,55.3,0.0,0,0.0,,0,0,57.2,16.6,247.8,1017.9,30.8,15.9,294.7,25.5,10,,2020-06-12T05:24:22,2020-06-12T20:27:54,0.72,Partially cloudy,Becoming cloudy in the afternoon.,partly-cloudy-day,"72505394728,72055399999,KLGA,KJRB,KNYC,F1417,72503014732"
New York,2020-06-13,25.5,16.7,20.9,25.5,16.7,20.9,8.0,44.3,0.0,0,0.0,,0,0,38.9,25.8,18.1,1021.5,4.5,16.0,346.0,29.8,10,,2020-06-13T05:24:20,2020-06-13T20:28:20,0.75,Clear,Clear conditions throughout the day.,clear-day,"72505394728,72055399999,KLGA,KJRB,KNYC,F1417,72503014732"
New York,2020-06-14,24.2,14.3,18.8,24.2,14.3,18.8,8.1,50.4,0.0,0,0.0,,0,0,37.1,25.8,69.9,1027.8,9.7,16.0,343.1,29.6,10,,2020-06-14T05:24:19,2020-06-14T20:28:45,0.79,Clear,Clear conditions throughout the day.,clear-day,"72505394728,72055399999,KLGA,KJRB,KNYC,F1417,72503014732"
New York,2020-06-15,23.4,17.1,19.6,23.4,17.1,19.6,11.7,61.2,0.0,0,0.0,,0,0,33.5,24.2,63.1,1029.1,3.3,16.0,293.8,25.3,9,,2020-06-15T05:24:21,2020-06-15T20:29:08,0.82,Clear,Clear conditions throughout the day.,clear-day,"72505394728,72055399999,KLGA,KJRB,KNYC,F1417,72503014732"
New York,2020-06-16,25.0,17.1,20.5,25.0,17.1,20.5,11.7,58.5,0.0,0,0.0,,0,0,33.5,24.1,64.5,1028.0,0.7,16.0,336.3,29.0,10,,2020-06-16T05:24:25,2020-06-16T20:29:29,0.85,Clear,Clear conditions throughout the day.,clear-day,"72505394728,72055399999,KLGA,KJRB,KNYC,F1417,72503014732"
New York,2020-06-17,26.1,17.8,20.6,26.1,17.8,20.6,14.5,69.1,0.0,0,0.0,,0,0,33.5,24.2,58.5,1024.6,34.9,16.0,275.0,23.8,10,,2020-06-17T05:24:30,2020-06-17T20:29:48,0.88,Partially cloudy,Becoming cloudy in the afternoon.,partly-cloudy-day,"72505394728,72055399999,KLGA,KJRB,KNYC,F1417,72503014732"
New York,2020-06-18,24.4,18.9,21.0,24.4,18.9,21.0,17.9,83.0,0.0,0,0.0,,0,0,,18.4,97.7,1021.9,84.6,15.8,196.4,17.0,6,,2020-06-18T05:24:38,2020-06-18T20:30:06,0.92,Partially cloudy,Partly cloudy throughout the day.,partly-cloudy-day,"72505394728,72055399999,KLGA,KJRB,KNYC,F1417,72503014732"
New York,2020-06-19,27.3,18.4,22.3,28.2,18.4,22.5,18.0,78.3,0.0,0,0.0,,0,0,38.9,24.3,199.5,1020.1,46.2,14.0,306.9,26.5,10,,2020-06-19T05:24:47,2020-06-19T20:30:21,0.95,Partially cloudy,Clearing in the afternoon.,partly-cloudy-day,"72505394728,72055399999,KLGA,KJRB,KNYC,F1417,72503014732"
New York,2020-06-20,29.4,20.7,24.2,30.5,20.7,24.6,18.5,71.7,0.0,0,0.0,,0,0,64.1,18.1,232.5,1017.9,1.4,16.0,277.2,23.8,9,,2020-06-20T05:24:58,2020-06-20T20:30:35,0.98,Clear,Clear conditions throughout the day.,clear-day,"72505394728,72055399999,KLGA,KJRB,KNYC,F1417,72503014732"
New York,2020-06-21,30.0,20.7,24.8,31.4,20.7,25.3,18.9,70.9,0.0,0,0.0,,0,0,29.5,12.8,229.1,1016.0,1.1,16.0,325.3,27.9,9,,2020-06-21T05:25:11,2020-06-21T20:30:47,0.0,Clear,Clear conditions throughout the day.,clear-day,"72505394728,72055399999,KLGA,KJRB,KNYC,F1417,72503014732"
New York,2020-06-22,32.2,21.8,26.2,33.8,21.8,26.8,19.2,67.4,0.0,0,0.0,,0,0,37.1,21.6,205.9,1014.0,1.1,16.0,322.4,27.9,9,,2020-06-22T05:25:26,2020-06-22T20:30:57,0.05,Clear,Clear conditions throughout the day.,clear-day,"72505394728,72055399999,KLGA,KJRB,KNYC,F1417,72503014732"
New York,2020-06-23,28.9,22.9,25.7,30.7,22.9,26.4,19.9,71.4,0.0,0,0.0,,0,0,38.9,20.2,178.8,1008.9,5.1,16.0,302.3,26.2,9,,2020-06-23T05:25:43,2020-06-23T20:31:05,0.09,Clear,Clear conditions throughout the day.,clear-day,"72505394728,72055399999,KLGA,KJRB,KNYC,F1417,72503014732"
New York,2020-06-24,30.0,23.4,26.5,29.2,23.4,26.3,17.2,60.2,0.0,0,0.0,,0,0,40.7,23.7,260.4,1006.5,27.6,16.0,301.3,26.1,9,,2020-06-24T05:26:01,2020-06-24T20:31:11,0.12,Partially cloudy,Partly cloudy throughout the day.,partly-cloudy-day,"72505394728,72055399999,KLGA,KJRB,KNYC,F1417,72503014732"
New York,2020-06-25,29.4,22.2,25.1,28.8,22.2,25.0,14.4,52.8,0.0,0,0.0,,0,0,69.4,17.9,221.3,1014.2,11.4,16.0,255.4,22.1,9,,2020-06-25T05:26:21,2020-06-25T20:31:15,0.16,Clear,Clear conditions throughout the day.,clear-day,"72505394728,72055399999,KLGA,KJRB,KNYC,F1417,72503014732"
New York,2020-06-26,30.6,20.7,25.5,29.6,20.7,25.3,15.1,55.8,0.0,0,0.0,,0,0,35.3,21.7,258.6,1014.0,22.7,16.0,300.6,26.1,10,,2020-06-26T05:26:43,2020-06-26T20:31:17,0.19,Partially cloudy,Becoming cloudy in the afternoon.,partly-cloudy-day,"72505394728,72055399999,KLGA,KJRB,KNYC,F1417,72503014732"
New York,2020-06-27,26.0,21.8,24.2,26.0,21.8,24.2,18.5,71.2,0.901,100,20.83,rain,0,0,53.6,24.0,254.5,1009.1,23.1,15.7,107.0,9.2,4,,2020-06-27T05:27:06,2020-06-27T20:31:18,0.23,"Rain, Partially cloudy",Partly cloudy throughout the day with rain.,rain,"72505394728,72055399999,KLGA,KJRB,KNYC,F1417,72503014732"
New York,2020-06-28,31.2,22.3,25.8,33.6,22.3,26.7,20.5,74.3,4.399,100,4.17,rain,0,0,37.1,13.1,232.2,1006.9,16.8,15.7,272.6,23.4,10,,2020-06-28T05:27:31,2020-06-28T20:31:16,0.25,Rain,Clear conditions throughout the day with late afternoon rain.,rain,"72505394728,72055399999,KLGA,KJRB,KNYC,F1417,72503014732"
New York,2020-06-29,31.6,21.6,25.3,32.0,21.6,25.6,18.5,67.9,2.154,100,4.17,rain,0,0,76.0,19.7,12.0,1009.2,23.2,16.0,272.7,23.5,9,,2020-06-29T05:27:58,2020-06-29T20:31:12,0.3,"Rain, Partially cloudy",Becoming cloudy in the afternoon with late afternoon rain.,rain,"72505394728,72055399999,KLGA,KJRB,KNYC,F1417,72503014732"
New York,2020-06-30,27.0,20.6,23.1,27.9,20.6,23.1,18.0,73.3,0.23,100,4.17,rain,0,0,94.3,16.6,13.1,1012.1,33.4,16.0,189.8,16.3,8,,2020-06-30T05:28:26,2020-06-30T20:31:06,0.34,"Rain, Partially cloudy",Partly cloudy throughout the day with morning rain.,rain,"72505394728,72055399999,KLGA,KJRB,KNYC,F1417,72503014732"
New York,2020-07-01,25.7,19.5,22.8,25.7,19.5,22.8,18.5,77.5,13.809,100,16.67,rain,0,0,88.9,11.5,160.6,1011.7,28.7,15.7,206.6,17.9,8,,2020-07-01T05:28:56,2020-07-01T20:30:58,0.37,"Rain, Partially cloudy",Partly cloudy throughout the day with rain in the morning and afternoon.,rain,"72505394728,72055399999,KLGA,KJRB,KNYC,F1417,72503014732"
New York,2020-07-02,32.2,21.1,26.4,33.5,21.1,27.0,18.4,63.5,0.0,0,0.0,,0,0,,14.3,339.6,1009.9,15.9,16.0,300.4,25.9,9,,2020-07-02T05:29:27,2020-07-02T20:30:48,0.41,Clear,Clear conditions throughout the day.,clear-day,"72505394728,72055399999,KLGA,KJRB,KNYC,F1417,72503014732"
New York,2020-07-03,32.8,23.3,27.8,35.0,23.3,28.7,19.5,62.1,0.189,100,12.5,rain,0,0,37.1,25.8,61.2,1010.1,38.2,15.9,214.4,18.3,7,,2020-07-03T05:30:00,2020-07-03T20:30:37,0.45,"Rain, Partially cloudy",Partly cloudy throughout the day with late afternoon rain.,rain,"72505394728,72055399999,KLGA,KJRB,KNYC,F1417,72503014732"
New York,2020-07-04,31.1,21.1,24.7,32.6,21.1,25.0,19.2,73.5,0.277,100,8.33,rain,0,0,,16.2,88.1,1013.1,52.3,15.2,267.0,23.1,10,,2020-07-04T05:30:34,2020-07-04T20:30:23,0.48,"Rain, Partially cloudy",Clearing in the afternoon with rain clearing later.,rain,"72505394728,72055399999,KLGA,KJRB,KNYC,F1417,72503014732"
New York,2020-07-05,33.8,22.2,26.9,35.2,22.2,27.8,19.8,67.9,0.0,0,0.0,,0,0,,14.5,238.1,1014.0,31.6,15.7,310.6,26.8,9,,2020-07-05T05:31:09,2020-07-05T20:30:07,0.5,Partially cloudy,Clearing in the afternoon.,partly-cloudy-day,"72505394728,72055399999,KLGA,KJRB,KNYC,F1417,72503014732"
New York,2020-07-06,33.9,22.2,26.2,34.5,22.2,26.6,19.5,69.0,0.646,100,20.83,rain,0,0,51.0,21.9,245.8,1016.7,15.5,15.6,253.6,21.8,9,,2020-07-06T05:31:46,2020-07-06T20:29:49,0.55,Rain,Clear conditions throughout the day with rain.,rain,"72505394728,72055399999,KLGA,KJRB,KNYC,F1417,72503014732"
New York,2020-07-07,27.6,22.8,25.0,29.4,22.8,25.5,21.0,78.7,0.0,0,0.0,,0,0,27.7,16.1,86.1,1019.1,81.1,16.0,193.5,16.6,7,,2020-07-07T05:32:24,2020-07-07T20:29:29,0.58,Partially cloudy,Partly cloudy throughout the day.,partly-cloudy-day,"72505394728,72055399999,KLGA,KJRB,KNYC,F1417,72503014732"
New York,2020-07-08,29.9,23.9,25.8,33.8,23.9,26.7,22.2,80.9,0.263,100,8.33,rain,0,0,92.5,12.8,229.4,1016.2,47.4,16.0,172.6,15.0,10,,2020-07-08T05:33:03,2020-07-08T20:29:07,0.61,"Rain, Partially cloudy",Partly cloudy throughout the day with rain.,rain,"72505394728,72055399999,KLGA,KJRB,KNYC,F1417,72503014732"
New York,2020-07-09,31.7,23.4,26.8,34.6,23.4,28.0,21.9,75.8,0.699,100,4.17,rain,0,0,81.4,20.6,198.6,1015.6,11.6,15.9,327.0,28.3,9,,2020-07-09T05:33:44,2020-07-09T20:28:43,0.64,Rain,Clear conditions throughout the day with morning rain.,rain,"72505394728,72055399999,KLGA,KJRB,KNYC,F1417,72503014732"
New York,2020-07-10,25.6,23.3,24.3,25.6,23.3,24.3,22.5,90.2,4.828,100,54.17,rain,0,0,55.2,33.4,52.0,1010.4,86.2,11.9,41.4,3.4,2,,2020-07-10T05:34:26,2020-07-10T20:28:17,0.68,"Rain, Partially cloudy",Partly cloudy throughout the day with rain.,rain,"72505394728,72055399999,KLGA,KJRB,KNYC,F1417,72503014732"
New York,2020-07-11,30.5,23.3,26.1,35.7,23.3,27.8,22.7,82.2,0.707,100,25.0,rain,0,0,50.0,27.1,222.1,1005.2,49.1,15.0,221.0,19.3,8,,2020-07-11T05:35:08,2020-07-11T20:27:49,0.71,"Rain, Partially cloudy",Partly cloudy throughout the day with rain.,rain,"72505394728,72055399999,KLGA,KJRB,KNYC,F1417,72503014732"
New York,2020-07-12,32.1,22.8,27.3,33.1,22.8,27.8,18.9,61.9,0.316,100,12.5,rain,0,0,48.1,21.3,260.8,1006.4,19.9,16.0,311.0,27.0,10,,2020-07-12T05:35:52,2020-07-12T20:27:19,0.75,Rain,Clear conditions throughout the day with rain.,rain,"72505394728,72055399999,KLGA,KJRB,KNYC,F1417,72503014732"
New York,2020-07-13,32.0,22.8,27.2,32.0,22.8,27.6,18.5,61.0,0.023,100,4.17,rain,0,0,31.7,19.9,253.9,1008.9,28.1,16.0,309.2,26.6,10,,2020-07-13T05:36:37,2020-07-13T20:26:47,0.77,"Rain, Partially cloudy",Partly cloudy throughout the day with early morning rain.,rain,"72505394728,72055399999,KLGA,KJRB,KNYC,F1417,72503014732"
New York,2020-07-14,31.5,22.2,27.0,31.7,22.2,27.1,16.5,53.9,0.0,0,0.0,,0,0,27.7,18.4,279.0,1014.0,17.7,16.0,327.4,28.0,10,,2020-07-14T05:37:23,2020-07-14T20:26:13,0.8,Clear,Clear conditions throughout the day.,clear-day,"72505394728,72055399999,KLGA,KJRB,KNYC,F1417,72503014732"
New York,2020-07-15,28.7,22.8,25.0,29.8,22.8,25.3,18.8,69.1,0.0,0,0.0,,0,0,27.7,19.9,104.7,1021.5,47.8,16.0,248.4,21.5,9,,2020-07-15T05:38:10,2020-07-15T20:25:37,0.84,Partially cloudy,Partly cloudy throughout the day.,partly-cloudy-day,"72505394728,72055399999,KLGA,KJRB,KNYC,F1417,72503014732"
New York,2020-07-16,26.1,21.7,23.5,26.1,21.7,23.5,17.0,67.2,0.0,0,0.0,,0,0,38.9,18.2,135.4,1025.7,62.0,16.0,258.9,22.5,9,,2020-07-16T05:38:57,2020-07-16T20:24:59,0.87,Partially cloudy,Partly cloudy throughout the day.,partly-cloudy-day,"72505394728,72055399999,KLGA,KJRB,KNYC,F1417,72503014732"
New York,2020-07-17,31.0,21.1,24.9,35.2,21.1,26.0,20.5,77.1,0.047,100,8.33,rain,0,0,50.0,17.9,189.7,1020.0,54.1,15.9,131.0,11.4,5,,2020-07-17T05:39:46,2020-07-17T20:24:20,0.9,"Rain, Partially cloudy",Partly cloudy throughout the day with morning rain.,rain,"72505394728,72055399999,KLGA,KJRB,KNYC,F1417,72503014732"
New York,2020-07-18,34.8,23.8,28.3,36.5,23.8,29.1,20.1,64.0,0.0,0,0.0,,0,0,70.2,11.1,267.2,1017.4,4.4,16.0,321.3,27.7,10,,2020-07-18T05:40:35,2020-07-18T20:23:38,0.93,Clear,Clear conditions throughout the day.,clear-day,"72505394728,72055399999,KLGA,KJRB,KNYC,F1417,72503014732"
New York,2020-07-19,34.9,24.4,29.0,38.2,24.4,31.2,21.7,66.0,0.0,0,0.0,,0,0,40.7,20.2,223.2,1013.7,0.9,16.0,292.7,25.2,9,,2020-07-19T05:41:26,2020-07-19T20:22:55,0.97,Clear,Clear conditions throughout the day.,clear-day,"72505394728,72055399999,KLGA,KJRB,KNYC,F1417,72503014732"
New York,2020-07-20,34.9,26.8,30.4,39.0,29.6,33.3,21.7,62.1,0.0,0,0.0,,0,0,31.8,20.0,260.7,1010.9,13.6,15.8,287.0,24.6,9,,2020-07-20T05:42:16,2020-07-20T20:22:10,0.0,Clear,Clear conditions throughout the day.,clear-day,"72505394728,72055399999,KLGA,KJRB,KNYC,F1417,72503014732"
New York,2020-07-21,33.8,26.6,29.4,35.7,26.6,30.8,19.3,55.6,0.0,0,0.0,,0,0,29.5,12.9,200.8,1015.7,6.1,16.0,303.8,26.2,10,,2020-07-21T05:43:08,2020-07-21T20:21:23,0.03,Clear,Clear conditions throughout the day.,clear-day,"72505394728,72055399999,KLGA,KJRB,KNYC,F1417,72503014732"
New York,2020-07-22,34.3,23.3,27.7,40.0,23.3,29.9,22.7,75.8,12.386,100,29.17,rain,0,0,81.4,26.9,235.3,1016.3,32.2,15.5,249.8,21.7,10,,2020-07-22T05:44:00,2020-07-22T20:20:34,0.07,"Rain, Partially cloudy",Clearing in the afternoon with rain.,rain,"72505394728,72055399999,KLGA,KJRB,KNYC,F1417,72503014732"
New York,2020-07-23,31.6,23.3,26.6,37.1,23.3,28.4,22.5,79.2,0.013,100,4.17,rain,0,0,31.7,16.3,243.6,1016.5,45.4,16.0,216.6,18.6,9,,2020-07-23T05:44:53,2020-07-23T20:19:43,0.11,"Rain, Partially cloudy",Partly cloudy throughout the day with afternoon rain.,rain,"72505394728,72055399999,KLGA,KJRB,KNYC,F1417,72503014732"
New York,2020-07-24,26.6,23.3,25.0,26.6,23.3,25.0,21.9,83.0,0.335,100,12.5,rain,0,0,31.7,23.5,46.9,1018.0,52.0,16.0,80.0,6.8,3,,2020-07-24T05:45:47,2020-07-24T20:18:51,0.14,"Rain, Partially cloudy",Partly cloudy throughout the day with rain clearing later.,rain,"72505394728,72055399999,KLGA,KJRB,KNYC,F1417,72503014732"
New York,2020-07-25,32.1,23.8,27.5,35.3,23.8,29.2,21.9,73.2,0.0,0,0.0,,0,0,33.5,16.3,238.6,1018.6,10.0,15.8,296.2,25.5,10,,2020-07-25T05:46:41,2020-07-25T20:17:57,0.18,Clear,Clear conditions throughout the day.,clear-day,"72505394728,72055399999,KLGA,KJRB,KNYC,F1417,72503014732"
New York,2020-07-26,34.3,25.0,29.5,36.0,25.0,30.5,20.4,61.8,0.0,0,0.0,,0,0,39.0,23.2,253.4,1015.4,10.5,15.9,300.8,25.9,9,,2020-07-26T05:47:35,2020-07-26T20:17:01,0.21,Clear,Clear conditions throughout the day.,clear-day,"72505394728,72055399999,KLGA,KJRB,KNYC,F1417,72503014732"
New York,2020-07-27,34.9,25.7,30.2,38.0,25.7,31.9,19.8,54.5,0.0,0,0.0,,0,0,42.5,22.1,256.4,1010.2,2.2,16.0,315.0,27.0,9,,2020-07-27T05:48:30,2020-07-27T20:16:04,0.25,Clear,Clear conditions throughout the day.,clear-day,"72505394728,72055399999,KLGA,KJRB,KNYC,F1417,72503014732"
New York,2020-07-28,33.4,26.8,29.8,37.6,28.9,32.9,21.8,62.6,0.0,0,0.0,,0,0,37.0,25.3,256.2,1008.9,32.6,16.0,230.9,19.9,9,,2020-07-28T05:49:26,2020-07-28T20:15:05,0.28,Partially cloudy,Partly cloudy throughout the day.,partly-cloudy-day,"72505394728,72055399999,KLGA,KJRB,KNYC,F1417,72503014732"
New York,2020-07-29,32.7,25.1,29.0,36.7,25.1,31.2,21.0,62.7,0.469,100,4.17,rain,0,0,90.7,14.6,226.6,1012.5,14.3,16.0,299.1,25.7,10,,2020-07-29T05:50:22,2020-07-29T20:14:04,0.32,Rain,Clear conditions throughout the day with afternoon rain.,rain,"72505394728,72055399999,KLGA,KJRB,KNYC,F1417,72503014732"
New York,2020-07-30,33.3,25.6,29.2,36.0,25.6,30.5,19.2,55.3,0.0,0,0.0,,0,0,68.4,15.9,250.7,1010.8,3.3,16.0,242.3,20.8,9,,2020-07-30T05:51:18,2020-07-30T20:13:02,0.36,Clear,Clear conditions throughout the day.,clear-day,"72505394728,72055399999,KLGA,KJRB,KNYC,F1417,72503014732"
New York,2020-07-31,28.3,21.9,24.6,30.7,21.9,25.1,20.8,80.2,6.504,100,29.17,rain,0,0,,15.9,39.6,1009.9,54.6,14.8,106.1,9.3,5,,2020-07-31T05:52:14,2020-07-31T20:11:58,0.39,"Rain, Partially cloudy",Partly cloudy throughout the day with rain clearing later.,rain,"72505394728,72055399999,KLGA,KJRB,KNYC,F1417,72503014732"
New York,2020-08-01,32.7,23.3,27.2,33.8,23.3,27.7,20.1,67.6,0.0,0,0.0,,0,0,35.3,16.6,205.6,1013.4,2.2,16.0,305.3,26.5,10,,2020-08-01T05:53:11,2020-08-01T20:10:53,0.43,Clear,Clear conditions throughout the day.,clear-day,"72505394728,72055399999,KLGA,KJRB,KNYC,F1417,72503014732"
New York,2020-08-02,32.1,25.0,28.1,38.4,25.0,31.0,23.2,75.4,0.0,0,0.0,,0,0,49.5,23.4,187.2,1012.9,51.5,16.0,211.9,18.3,9,,2020-08-02T05:54:09,2020-08-02T20:09:47,0.46,Partially cloudy,Partly cloudy throughout the day.,partly-cloudy-day,"72505394728,72055399999,KLGA,KJRB,KNYC,F1417,72503014732"
New York,2020-08-03,32.7,23.7,28.4,34.8,23.7,30.0,20.2,62.3,2.875,100,8.33,rain,0,0,73.8,20.0,253.0,1015.8,12.9,16.0,286.0,24.7,9,,2020-08-03T05:55:06,2020-08-03T20:08:38,0.5,Rain,Clear conditions throughout the day with late afternoon rain.,rain,"72505394728,72055399999,KLGA,KJRB,KNYC,F1417,72503014732"
New York,2020-08-04,27.2,22.2,25.1,28.3,22.2,25.2,21.3,79.9,3.406,100,33.33,rain,0,0,69.4,43.9,200.7,1010.7,61.5,14.6,79.1,6.8,5,,2020-08-04T05:56:04,2020-08-04T20:07:29,0.53,"Rain, Partially cloudy",Partly cloudy throughout the day with a chance of rain throughout the day.,rain,"72505394728,72055399999,KLGA,KJRB,KNYC,F1417,72503014732"
New York,2020-08-05,31.6,23.9,27.3,32.0,23.9,27.7,19.1,63.3,0.0,0,0.0,,0,0,29.5,19.5,253.5,1015.7,21.7,16.0,292.5,25.3,9,,2020-08-05T05:57:02,2020-08-05T20:06:18,0.56,Partially cloudy,Partly cloudy throughout the day.,partly-cloudy-day,"72505394728,72055399999,KLGA,KJRB,KNYC,F1417,72503014732"
New York,2020-08-06,28.2,23.7,25.5,29.2,23.7,25.7,17.5,62.0,0.0,0,0.0,,0,0,63.0,14.4,128.3,1019.3,23.4,16.0,197.8,17.3,9,,2020-08-06T05:58:00,2020-08-06T20:05:05,0.6,Partially cloudy,Clearing in the afternoon.,partly-cloudy-day,"72505394728,72055399999,KLGA,KJRB,KNYC,F1417,72503014732"
New York,2020-08-07,27.1,21.1,24.1,28.8,21.1,24.2,19.1,74.3,5.363,100,33.33,rain,0,0,33.5,20.2,57.8,1019.9,41.2,15.7,111.5,9.8,5,,2020-08-07T05:58:58,2020-08-07T20:03:52,0.63,"Rain, Partially cloudy",Partly cloudy throughout the day with rain.,rain,"72505394728,72055399999,KLGA,KJRB,KNYC,F1417,72503014732"
New York,2020-08-08,30.4,22.7,25.1,33.1,22.7,25.6,20.6,77.3,0.0,0,0.0,,0,0,,14.4,96.2,1020.6,49.7,15.9,176.5,15.2,8,,2020-08-08T05:59:57,2020-08-08T20:02:37,0.66,Partially cloudy,Partly cloudy throughout the day.,partly-cloudy-day,"72505394728,72055399999,KLGA,KJRB,KNYC,D8219,F1417,72503014732"
New York,2020-08-09,31.1,22.8,26.4,34.3,22.8,27.8,21.4,75.3,0.0,0,0.0,,0,0,35.3,18.6,211.5,1019.3,28.3,15.9,281.7,24.4,10,,2020-08-09T06:00:55,2020-08-09T20:01:21,0.69,Partially cloudy,Partly cloudy throughout the day.,partly-cloudy-day,"72505394728,72055399999,KLGA,KJRB,KNYC,F1417,72503014732"
New York,2020-08-10,33.3,24.4,28.4,37.5,24.4,30.7,22.4,71.4,0.0,0,0.0,,0,0,68.4,16.4,221.5,1016.4,10.4,15.6,283.2,24.5,9,,2020-08-10T06:01:54,2020-08-10T20:00:03,0.73,Clear,Clear conditions throughout the day.,clear-day,"72505394728,72055399999,KLGA,KJRB,KNYC,F1417,72503014732"
New York,2020-08-11,31.6,25.1,28.0,36.4,25.1,30.5,23.2,76.0,0.0,0,0.0,,0,0,81.4,16.2,216.1,1014.7,11.8,16.0,273.8,23.6,9,,2020-08-11T06:02:53,2020-08-11T19:58:44,0.75,Clear,Clear conditions throughout the day.,clear-day,"72505394728,72055399999,KLGA,KJRB,KNYC,F1417,72503014732"
New York,2020-08-12,33.1,23.3,27.7,39.8,23.3,29.9,23.4,78.3,31.034,100,16.67,rain,0,0,50.0,13.3,237.3,1016.2,33.8,15.1,197.4,16.9,8,,2020-08-12T06:03:51,2020-08-12T19:57:25,0.79,"Rain, Partially cloudy",Partly cloudy throughout the day with rain.,rain,"72505394728,72055399999,KLGA,KJRB,KNYC,F1417,72503014732"
New York,2020-08-13,26.2,23.3,25.5,26.2,23.3,25.5,22.1,81.5,0.312,100,12.5,rain,0,0,,17.5,49.3,1018.5,38.5,15.4,76.9,6.6,3,,2020-08-13T06:04:50,2020-08-13T19:56:04,0.82,"Rain, Partially cloudy",Partly cloudy throughout the day with rain in the morning and afternoon.,rain,"72505394728,72055399999,KLGA,KJRB,KNYC,F1417,72503014732"
New York,2020-08-14,31.5,23.8,27.2,31.8,23.8,27.5,19.6,65.8,0.0,0,0.0,,0,0,76.0,25.2,47.2,1016.1,24.6,15.9,234.8,20.3,8,,2020-08-14T06:05:49,2020-08-14T19:54:42,0.86,Partially cloudy,Becoming cloudy in the afternoon.,partly-cloudy-day,"72505394728,72055399999,KLGA,KJRB,KNYC,F1417,72503014732"
New York,2020-08-15,29.9,23.3,25.7,30.2,23.3,25.9,16.8,58.2,0.0,0,0.0,,0,0,35.3,25.4,46.9,1016.0,17.8,16.0,220.6,19.0,9,,2020-08-15T06:06:48,2020-08-15T19:53:18,0.89,Clear,Clear conditions throughout the day.,clear-day,"72505394728,72055399999,KLGA,KJRB,KNYC,F1417,72503014732"
New York,2020-08-16,22.9,20.6,21.4,22.9,20.6,21.4,18.1,81.6,0.306,100,45.83,rain,0,0,37.1,25.5,34.2,1014.6,93.6,15.8,42.7,3.7,1,,2020-08-16T06:07:47,2020-08-16T19:51:54,0.92,"Rain, Overcast",Cloudy skies throughout the day with rain in the morning and afternoon.,rain,"72505394728,72055399999,KLGA,KJRB,KNYC,F1417,72503014732"
New York,2020-08-17,28.8,19.9,23.0,29.7,19.9,23.2,17.6,72.2,2.154,100,8.33,rain,0,0,70.6,18.5,194.3,1012.8,48.8,15.5,238.8,20.7,9,,2020-08-17T06:08:46,2020-08-17T19:50:29,0.95,"Rain, Overcast",Partly cloudy throughout the day with late afternoon rain.,rain,"72505394728,72055399999,KLGA,KJRB,KNYC,F1417,72503014732"
New York,2020-08-18,29.8,19.3,24.2,29.9,19.3,24.2,16.9,66.9,5.957,100,12.5,rain,0,0,43.4,14.3,247.2,1011.1,42.5,15.8,265.0,22.9,9,,2020-08-18T06:09:45,2020-08-18T19:49:03,0.0,"Rain, Overcast",Partly cloudy throughout the day with rain clearing later.,rain,"72505394728,72055399999,KLGA,KJRB,KNYC,F1417,72503014732"
New York,2020-08-19,26.5,20.6,23.3,26.5,20.6,23.3,18.3,74.0,3.259,100,16.67,rain,0,0,58.6,19.9,38.6,1013.5,41.7,15.5,108.6,9.3,4,,2020-08-19T06:10:44,2020-08-19T19:47:36,0.02,"Rain, Partially cloudy",Partly cloudy throughout the day with rain in the morning and afternoon.,rain,"D9152,72505394728,72055399999,KLGA,KJRB,KNYC,F1417,72503014732"
New York,2020-08-20,29.3,19.3,24.0,28.2,19.3,23.8,14.1,56.4,0.0,0,0.0,,0,0,,14.2,256.4,1017.2,0.5,16.0,288.8,25.0,9,,2020-08-20T06:11:43,2020-08-20T19:46:07,0.06,Clear,Clear conditions throughout the day.,clear-day,"72505394728,72055399999,KLGA,KJRB,KNYC,F1417,72503014732"
New York,2020-08-21,31.0,20.7,25.3,32.0,20.7,25.9,18.4,66.9,0.0,0,0.0,,0,0,33.5,18.2,245.6,1014.7,13.5,16.0,255.7,22.0,8,,2020-08-21T06:12:42,2020-08-21T19:44:38,0.09,Clear,Clear conditions throughout the day.,clear-day,"72505394728,72055399999,KLGA,KJRB,KNYC,F1417,72503014732"
New York,2020-08-22,31.5,23.4,26.7,33.8,23.4,27.8,20.7,70.8,0.23,100,4.17,rain,0,0,31.7,14.5,249.0,1013.9,7.4,16.0,235.9,20.3,9,,2020-08-22T06:13:41,2020-08-22T19:43:09,0.13,Rain,Clear conditions throughout the day with afternoon rain.,rain,"72505394728,72055399999,KLGA,KJRB,KNYC,F1417,72503014732"
New York,2020-08-23,31.5,23.4,26.4,34.9,23.4,27.7,21.5,75.1,0.0,0,0.0,,0,0,,14.6,229.1,1017.2,2.0,16.0,217.7,18.8,9,,2020-08-23T06:14:40,2020-08-23T19:41:38,0.16,Clear,Clear conditions throughout the day.,clear-day,"72505394728,72055399999,KLGA,KJRB,KNYC,F1417,72503014732"
New York,2020-08-24,32.2,23.9,27.8,36.0,23.9,29.4,21.5,70.1,0.0,0,0.0,,0,0,37.1,14.7,242.2,1015.4,6.5,16.0,244.5,21.4,8,,2020-08-24T06:15:39,2020-08-24T19:40:07,0.2,Clear,Clear conditions throughout the day.,clear-day,"72505394728,72055399999,KLGA,KJRB,KNYC,F1417,72503014732"
New York,2020-08-25,32.8,23.9,27.6,35.8,23.9,28.4,19.8,64.0,1.501,100,4.17,rain,0,0,63.4,25.3,260.8,1009.9,17.8,16.0,231.6,20.0,8,,2020-08-25T06:16:38,2020-08-25T19:38:34,0.25,Rain,Clear conditions throughout the day with late afternoon rain.,rain,"72505394728,72055399999,KLGA,KJRB,KNYC,F1417,72503014732"
New York,2020-08-26,28.1,20.6,24.2,27.3,20.6,24.2,12.8,49.8,0.0,0,0.0,,0,0,44.6,11.6,301.4,1013.4,4.1,16.0,258.0,22.2,9,,2020-08-26T06:17:37,2020-08-26T19:37:01,0.27,Clear,Clear conditions throughout the day.,clear-day,"72505394728,72055399999,KLGA,KJRB,KNYC,F1417,72503014732"
New York,2020-08-27,32.8,21.1,26.2,35.9,21.1,27.3,18.7,64.2,3.701,100,16.67,rain,0,0,66.6,32.9,257.2,1008.5,42.5,16.0,233.9,20.4,9,,2020-08-27T06:18:35,2020-08-27T19:35:28,0.3,"Rain, Partially cloudy",Partly cloudy throughout the day with rain.,rain,"72505394728,72055399999,KLGA,KJRB,KNYC,F1417,72503014732"
New York,2020-08-28,31.1,22.2,25.5,33.4,22.2,26.0,20.1,73.5,0.005,100,8.33,rain,0,0,32.6,18.1,247.3,1009.6,25.0,16.0,209.4,18.2,9,,2020-08-28T06:19:34,2020-08-28T19:33:54,0.34,"Rain, Partially cloudy",Partly cloudy throughout the day with late afternoon rain.,rain,"72505394728,72055399999,KLGA,KJRB,KNYC,F1417,72503014732"
New York,2020-08-29,27.8,22.8,24.7,31.2,22.8,25.1,21.9,84.9,0.246,100,16.67,rain,0,0,27.7,18.4,239.5,1002.8,65.7,16.0,84.7,7.3,4,,2020-08-29T06:20:33,2020-08-29T19:32:19,0.37,"Rain, Partially cloudy",Partly cloudy throughout the day with rain in the morning and afternoon.,rain,"72505394728,72055399999,KLGA,KJRB,KNYC,F1417,72503014732"
New York,2020-08-30,28.7,20.6,24.3,28.2,20.6,24.2,13.9,53.4,0.0,0,0.0,,0,0,50.0,16.7,288.4,1006.7,26.3,16.0,246.2,21.5,10,,2020-08-30T06:21:31,2020-08-30T19:30:43,0.41,Partially cloudy,Partly cloudy throughout the day.,partly-cloudy-day,"72505394728,72055399999,KLGA,KJRB,KNYC,F1417,72503014732"
New York,2020-08-31,25.6,20.5,22.7,25.6,20.5,22.7,14.3,59.6,0.0,0,0.0,,0,0,,20.2,71.1,1018.2,17.8,16.0,157.5,13.6,6,,2020-08-31T06:22:30,2020-08-31T19:29:07,0.44,Clear,Clear conditions throughout the day.,clear-day,"72505394728,72055399999,KLGA,KJRB,F1417,KNYC,72503014732"
New York,2020-09-01,27.7,19.4,23.1,28.6,19.4,23.2,18.4,75.6,3.848,100,29.17,rain,0,0,68.4,19.8,99.2,1019.7,53.5,15.2,167.0,14.4,7,,2020-09-01T06:23:28,2020-09-01T19:27:30,0.48,"Rain, Partially cloudy",Partly cloudy throughout the day with a chance of rain throughout the day.,rain,"72505394728,72055399999,KLGA,KJRB,KNYC,F1417,72503014732"
New York,2020-09-02,27.7,21.6,24.3,30.4,21.6,24.6,21.5,84.8,0.176,100,29.17,rain,0,0,,17.8,65.0,1013.0,87.1,14.8,81.5,6.9,4,,2020-09-02T06:24:27,2020-09-02T19:25:53,0.5,"Rain, Partially cloudy",Partly cloudy throughout the day with rain clearing later.,rain,"D9152,72505394728,72055399999,KLGA,KJRB,KNYC,F1417,72503014732"
New York,2020-09-03,32.0,23.3,26.2,33.0,23.3,26.4,19.6,69.9,8.418,100,20.83,rain,0,0,29.5,14.7,224.9,1008.8,42.6,15.5,207.9,17.7,8,,2020-09-03T06:25:25,2020-09-03T19:24:15,0.55,"Rain, Partially cloudy",Partly cloudy throughout the day with rain.,rain,"72505394728,72055399999,KLGA,KJRB,KNYC,F1417,72503014732"
New York,2020-09-04,31.5,21.7,26.0,31.8,21.7,26.1,18.1,66.3,0.0,0,0.0,,0,0,33.5,15.0,259.3,1011.5,15.8,15.9,254.8,21.9,9,,2020-09-04T06:26:24,2020-09-04T19:22:37,0.58,Clear,Clear conditions throughout the day.,clear-day,"72505394728,72055399999,KLGA,KJRB,KNYC,F1417,72503014732"
New York,2020-09-05,28.2,20.5,24.0,27.3,20.5,23.8,12.1,49.4,0.0,0,0.0,,0,0,33.5,18.0,245.3,1021.3,12.7,16.0,263.8,22.7,9,,2020-09-05T06:27:22,2020-09-05T19:20:59,0.61,Clear,Clear conditions throughout the day.,clear-day,"72505394728,72055399999,KLGA,KJRB,KNYC,F1417,72503014732"
New York,2020-09-06,28.8,20.0,23.6,29.0,20.0,23.7,15.7,61.9,0.0,0,0.0,,0,0,,20.6,217.3,1021.5,4.0,16.0,254.0,21.9,9,,2020-09-06T06:28:21,2020-09-06T19:19:20,0.65,Clear,Clear conditions throughout the day.,clear-day,"72505394728,72055399999,KLGA,KJRB,KNYC,F1417,72503014732"
New York,2020-09-07,27.1,20.6,23.4,27.8,20.6,23.4,17.1,68.5,0.0,0,0.0,,0,0,38.9,21.7,183.1,1019.5,9.7,16.0,233.4,20.0,8,,2020-09-07T06:29:19,2020-09-07T19:17:40,0.68,Clear,Clear conditions throughout the day.,clear-day,"72505394728,72055399999,KLGA,KJRB,KNYC,F1417,72503014732"
New York,2020-09-08,28.7,21.6,24.2,29.5,21.6,24.5,19.0,73.7,0.0,0,0.0,,0,0,,14.8,207.0,1021.0,9.8,16.0,243.3,21.1,8,,2020-09-08T06:30:18,2020-09-08T19:16:01,0.71,Clear,Clear conditions throughout the day.,clear-day,"72505394728,72055399999,KLGA,KJRB,KNYC,F1417,72503014732"
New York,2020-09-09,27.1,22.1,24.3,28.6,22.1,24.4,20.4,79.5,0.0,0,0.0,,0,0,,14.3,115.4,1025.0,32.3,16.0,133.8,11.7,5,,2020-09-09T06:31:16,2020-09-09T19:14:21,0.74,Partially cloudy,Clearing in the afternoon.,partly-cloudy-day,"72505394728,72055399999,KLGA,KJRB,KNYC,F1417,72503014732"
New York,2020-09-10,28.3,23.3,24.9,31.6,23.3,25.6,22.7,87.9,25.979,100,70.83,rain,0,0,68.4,17.7,15.3,1023.1,60.0,14.4,131.1,11.3,7,,2020-09-10T06:32:14,2020-09-10T19:12:40,0.75,"Rain, Partially cloudy",Clearing in the afternoon with a chance of rain throughout the day.,rain,"72505394728,72055399999,KLGA,KJRB,KNYC,F1417,72503014732"
New York,2020-09-11,27.0,20.6,23.9,27.5,20.6,23.9,18.1,71.7,0.46,100,8.33,rain,0,0,61.0,18.2,32.9,1021.3,51.2,15.9,148.4,12.8,5,,2020-09-11T06:33:13,2020-09-11T19:11:00,0.81,"Rain, Partially cloudy",Partly cloudy throughout the day with rain clearing later.,rain,"72505394728,72055399999,KLGA,KJRB,KNYC,F1417,72503014732"
New York,2020-09-12,23.3,18.3,20.6,23.3,18.3,20.6,13.8,65.5,0.0,0,0.0,,0,0,27.7,21.5,59.8,1025.5,53.1,16.0,171.3,14.9,8,,2020-09-12T06:34:11,2020-09-12T19:09:19,0.84,Partially cloudy,Partly cloudy throughout the day.,partly-cloudy-day,"72505394728,72055399999,KLGA,KJRB,KNYC,F1417,72503014732"
New York,2020-09-13,25.5,18.3,21.9,25.5,18.3,21.9,17.1,74.4,0.0,0,0.0,,0,0,37.1,20.1,126.0,1020.1,65.0,16.0,143.4,12.6,5,,2020-09-13T06:35:10,2020-09-13T19:07:38,0.88,Partially cloudy,Partly cloudy throughout the day.,partly-cloudy-day,"72505394728,72055399999,KLGA,KJRB,KNYC,F1417,72503014732"
New York,2020-09-14,26.0,18.3,22.8,26.0,18.3,22.8,14.5,60.9,0.0,0,0.0,,0,0,42.5,17.8,326.0,1019.3,24.1,16.0,184.5,16.0,7,,2020-09-14T06:36:08,2020-09-14T19:05:57,0.91,Partially cloudy,Becoming cloudy in the afternoon.,partly-cloudy-day,"72505394728,72055399999,KLGA,KJRB,KNYC,F1417,72503014732"
New York,2020-09-15,22.0,13.8,17.5,22.0,13.8,17.5,8.3,55.6,0.0,0,0.0,,0,0,70.2,23.6,52.2,1026.3,1.3,16.0,208.9,18.1,7,,2020-09-15T06:37:07,2020-09-15T19:04:16,0.94,Clear,Clear conditions throughout the day.,clear-day,"72505394728,72055399999,KLGA,KJRB,KNYC,F1417,72503014732"
New York,2020-09-16,23.2,15.6,19.2,23.2,15.6,19.2,12.7,66.8,0.0,0,0.0,,0,0,33.5,20.5,229.6,1023.3,11.8,15.9,189.6,16.4,7,,2020-09-16T06:38:06,2020-09-16T19:02:34,0.97,Clear,Clear conditions throughout the day.,clear-day,"72505394728,72055399999,KLGA,KJRB,KNYC,F1417,72503014732"
New York,2020-09-17,24.9,18.8,21.3,24.9,18.8,21.3,17.1,77.0,0.0,0,0.0,,0,0,,17.9,233.9,1017.0,44.1,16.0,128.1,11.2,5,,2020-09-17T06:39:04,2020-09-17T19:00:53,0.0,Partially cloudy,Partly cloudy throughout the day.,partly-cloudy-day,"72505394728,72055399999,KLGA,KJRB,KNYC,F1417,72503014732"
New York,2020-09-18,23.2,17.1,20.4,23.2,17.1,20.4,12.7,63.0,0.0,0,0.0,,0,0,62.1,23.7,40.9,1015.0,46.0,16.0,187.6,16.4,8,,2020-09-18T06:40:03,2020-09-18T18:59:11,0.04,Partially cloudy,Partly cloudy throughout the day.,partly-cloudy-day,"72505394728,72055399999,KLGA,KJRB,KNYC,F1417,72503014732"
New York,2020-09-19,20.4,11.6,16.1,20.4,11.6,16.1,2.3,40.9,0.0,0,0.0,,0,0,72.0,29.2,43.0,1026.0,0.4,16.0,243.6,20.9,8,,2020-09-19T06:41:02,2020-09-19T18:57:30,0.08,Clear,Clear conditions throughout the day.,clear-day,"72505394728,72055399999,KLGA,KJRB,KNYC,F1417,72503014732"
New York,2020-09-20,19.8,12.1,15.9,19.8,12.1,15.9,3.1,42.7,0.0,0,0.0,,0,0,40.0,30.5,41.5,1032.4,0.5,16.0,233.4,20.1,8,,2020-09-20T06:42:01,2020-09-20T18:55:48,0.11,Clear,Clear conditions throughout the day.,clear-day,"72505394728,72055399999,KLGA,KJRB,KNYC,F1417,72503014732"
New York,2020-09-21,20.9,12.7,16.7,20.9,12.7,16.7,5.3,48.0,0.0,0,0.0,,0,0,35.3,24.9,48.8,1033.3,0.4,16.0,229.1,20.0,8,,2020-09-21T06:43:00,2020-09-21T18:54:07,0.15,Clear,Clear conditions throughout the day.,clear-day,"72505394728,72055399999,KLGA,KJRB,KNYC,F1417,72503014732"
New York,2020-09-22,24.8,12.1,18.0,24.8,12.1,18.0,5.0,44.2,0.0,0,0.0,,0,0,77.8,11.0,350.0,1019.5,0.6,16.0,227.0,19.6,8,,2020-09-22T06:44:00,2020-09-22T18:52:25,0.18,Clear,Clear conditions throughout the day.,clear-day,"72505394728,72055399999,KLGA,KJRB,KNYC,F1417,72503014732"
New York,2020-09-23,28.2,16.1,21.6,27.7,16.1,21.6,10.6,50.4,0.0,0,0.0,,0,0,35.9,12.7,287.7,1011.8,0.6,16.0,217.3,18.9,8,,2020-09-23T06:44:59,2020-09-23T18:50:44,0.25,Clear,Clear conditions throughout the day.,clear-day,"72505394728,72055399999,KLGA,KJRB,KNYC,F1417,72503014732"
New York,2020-09-24,24.3,17.8,21.2,24.3,17.8,21.2,13.2,60.8,0.0,0,0.0,,0,0,,11.1,257.9,1015.2,1.2,16.0,111.1,9.6,5,,2020-09-24T06:45:59,2020-09-24T18:49:03,0.25,Clear,Clear conditions throughout the day.,clear-day,"72505394728,72055399999,KLGA,KJRB,KNYC,F1417,72503014732"
New York,2020-09-25,25.6,17.8,20.9,25.6,17.8,20.9,16.2,75.1,0.0,0,0.0,,0,0,73.8,11.1,241.0,1018.8,1.2,15.2,154.5,13.4,6,,2020-09-25T06:46:59,2020-09-25T18:47:21,0.28,Clear,Clear conditions throughout the day.,clear-day,"72505394728,72055399999,KLGA,KJRB,KNYC,F1417,72503014732"
New York,2020-09-26,23.8,18.8,21.0,23.8,18.8,21.0,17.1,79.4,0.0,0,0.0,,0,0,25.9,13.0,119.5,1018.7,48.6,15.9,103.2,8.7,4,,2020-09-26T06:47:58,2020-09-26T18:45:41,0.32,Partially cloudy,Partly cloudy throughout the day.,partly-cloudy-day,"72505394728,72055399999,KLGA,KJRB,KNYC,F1417,72503014732"
New York,2020-09-27,27.1,20.0,22.7,28.2,20.0,22.7,19.2,81.9,0.0,0,0.0,,0,0,,14.4,55.1,1015.2,56.7,15.5,148.9,12.7,7,,2020-09-27T06:48:59,2020-09-27T18:44:00,0.35,Partially cloudy,Partly cloudy throughout the day.,partly-cloudy-day,"72505394728,72055399999,KLGA,KJRB,KNYC,F1417,72503014732"
New York,2020-09-28,26.6,21.1,22.7,26.6,21.1,22.7,19.4,82.6,0.302,100,20.83,rain,0,0,66.6,20.1,185.1,1012.9,50.4,15.5,156.1,13.4,7,,2020-09-28T06:49:59,2020-09-28T18:42:19,0.39,"Rain, Partially cloudy",Partly cloudy throughout the day with rain.,rain,"72505394728,72055399999,KLGA,KJRB,KNYC,F1417,72503014732"
New York,2020-09-29,23.3,20.6,21.7,23.3,20.6,21.7,19.5,87.3,5.27,100,33.33,rain,0,0,79.6,16.7,169.0,1010.9,56.1,15.3,55.7,4.8,2,,2020-09-29T06:50:59,2020-09-29T18:40:39,0.42,"Rain, Partially cloudy",Partly cloudy throughout the day with rain.,rain,"72505394728,72055399999,KLGA,KJRB,KNYC,F1417,72503014732"
New York,2020-09-30,22.1,16.7,19.6,22.1,16.7,19.6,13.7,71.4,15.917,100,33.33,rain,0,0,56.4,34.2,249.2,1005.8,48.9,15.2,178.7,15.4,7,,2020-09-30T06:52:00,2020-09-30T18:38:59,0.46,"Rain, Partially cloudy",Clearing in the afternoon with rain clearing later.,rain,"72505394728,72055399999,KLGA,KJRB,KNYC,F1417,72503014732"
New York,2020-10-01,22.8,16.6,19.2,22.8,16.6,19.2,11.6,62.5,0.0,0,0.0,,0,0,35.3,26.8,252.2,1012.9,41.1,16.0,145.2,12.5,6,,2020-10-01T06:53:01,2020-10-01T18:37:20,0.5,Partially cloudy,Becoming cloudy in the afternoon.,partly-cloudy-day,"72505394728,72055399999,KLGA,KJRB,KNYC,F1417,72503014732"
